quality,n_samples,n_pos,n_neg,accuracy,precision,recall,f1,roc_auc,pr_auc,tp,fp,tn,fn
ds6__whatsapp_vale_id__originali__buono__sushi__000169.jpeg,1,0,1,1.0,0.0,0.0,0.0,,,0,0,1,0
ds1__platsim_ar_pico_banana_9gb-V__originali__root__000004.jpg,1,0,1,1.0,0.0,0.0,0.0,,,0,0,1,0
ds1__platsim_ar_pico_banana_9gb-V__originali__root__000006.jpg,1,0,1,0.0,0.0,0.0,0.0,,,0,1,0,0
ds1__platsim_ar_pico_banana_9gb-V__originali__root__000010.jpg,1,0,1,1.0,0.0,0.0,0.0,,,0,0,1,0
ds1__platsim_ar_pico_banana_9gb-V__originali__root__000012.jpg,1,0,1,1.0,0.0,0.0,0.0,,,0,0,1,0
ds1__platsim_ar_pico_banana_9gb-V__originali__root__000016.jpg,1,0,1,1.0,0.0,0.0,0.0,,,0,0,1,0
ds1__platsim_ar_pico_banana_9gb-V__originali__root__000017.jpg,1,0,1,0.0,0.0,0.0,0.0,,,0,1,0,0
ds1__platsim_ar_pico_banana_9gb-V__originali__root__000018.jpg,1,0,1,0.0,0.0,0.0,0.0,,,0,1,0,0
ds1__platsim_ar_pico_banana_9gb-V__originali__root__000025.jpg,1,0,1,0.0,0.0,0.0,0.0,,,0,1,0,0
ds1__platsim_ar_pico_banana_9gb-V__originali__root__000039.jpg,1,0,1,0.0,0.0,0.0,0.0,,,0,1,0,0
ds1__platsim_ar_pico_banana_9gb-V__originali__root__000040.jpg,1,0,1,1.0,0.0,0.0,0.0,,,0,0,1,0
ds1__platsim_ar_pico_banana_9gb-V__originali__root__000043.jpg,1,0,1,1.0,0.0,0.0,0.0,,,0,0,1,0
ds1__platsim_ar_pico_banana_9gb-V__originali__root__000057.jpg,1,0,1,1.0,0.0,0.0,0.0,,,0,0,1,0
ds1__platsim_ar_pico_banana_9gb-V__originali__root__000066.jpg,1,0,1,0.0,0.0,0.0,0.0,,,0,1,0,0
ds1__platsim_ar_pico_banana_9gb-V__originali__root__000075.jpg,1,0,1,1.0,0.0,0.0,0.0,,,0,0,1,0
ds1__platsim_ar_pico_banana_9gb-V__originali__root__000085.jpg,1,0,1,1.0,0.0,0.0,0.0,,,0,0,1,0
ds1__platsim_ar_pico_banana_9gb-V__originali__root__000087.jpg,1,0,1,1.0,0.0,0.0,0.0,,,0,0,1,0
ds1__platsim_ar_pico_banana_9gb-V__originali__root__000090.jpg,1,0,1,1.0,0.0,0.0,0.0,,,0,0,1,0
ds1__platsim_ar_pico_banana_9gb-V__originali__root__000093.jpg,1,0,1,1.0,0.0,0.0,0.0,,,0,0,1,0
ds1__platsim_ar_pico_banana_9gb-V__originali__root__000097.jpg,1,0,1,1.0,0.0,0.0,0.0,,,0,0,1,0
ds1__platsim_ar_pico_banana_9gb-V__originali__root__000102.jpg,1,0,1,1.0,0.0,0.0,0.0,,,0,0,1,0
ds1__platsim_ar_pico_banana_9gb-V__originali__root__000115.jpg,1,0,1,1.0,0.0,0.0,0.0,,,0,0,1,0
ds1__platsim_ar_pico_banana_9gb-V__originali__root__000117.jpg,1,0,1,1.0,0.0,0.0,0.0,,,0,0,1,0
ds1__platsim_ar_pico_banana_9gb-V__originali__root__000120.jpg,1,0,1,1.0,0.0,0.0,0.0,,,0,0,1,0
ds1__platsim_ar_pico_banana_9gb-V__originali__root__000122.jpg,1,0,1,1.0,0.0,0.0,0.0,,,0,0,1,0
ds1__platsim_ar_pico_banana_9gb-V__originali__root__000138.jpg,1,0,1,1.0,0.0,0.0,0.0,,,0,0,1,0
ds5__raw_vale_id__originali__buono__pasta__000285.jpg,1,0,1,1.0,0.0,0.0,0.0,,,0,0,1,0
ds5__raw_vale_id__originali__buono__pasta__000287.jpg,1,0,1,1.0,0.0,0.0,0.0,,,0,0,1,0
ds5__raw_vale_id__originali__buono__pizza__000309.jpg,1,0,1,1.0,0.0,0.0,0.0,,,0,0,1,0
ds5__raw_vale_id__originali__buono__riso_paella__000346.jpg,1,0,1,1.0,0.0,0.0,0.0,,,0,0,1,0
ds5__raw_vale_id__originali__buono__riso_paella__000355.jpg,1,0,1,1.0,0.0,0.0,0.0,,,0,0,1,0
ds5__raw_vale_id__originali__buono__riso_paella__000357.jpg,1,0,1,1.0,0.0,0.0,0.0,,,0,0,1,0
ds5__raw_vale_id__originali__buono__sushi__000368.jpg,1,0,1,1.0,0.0,0.0,0.0,,,0,0,1,0
ds5__raw_vale_id__originali__buono__sushi__000371.jpg,1,0,1,1.0,0.0,0.0,0.0,,,0,0,1,0
ds5__raw_vale_id__originali__buono__pasta__000232.jpg,1,0,1,1.0,0.0,0.0,0.0,,,0,0,1,0
ds5__raw_vale_id__originali__buono__pasta__000238.jpg,1,0,1,1.0,0.0,0.0,0.0,,,0,0,1,0
ds5__raw_vale_id__originali__buono__pasta__000247.jpg,1,0,1,1.0,0.0,0.0,0.0,,,0,0,1,0
ds5__raw_vale_id__originali__buono__pasta__000254.jpg,1,0,1,1.0,0.0,0.0,0.0,,,0,0,1,0
ds5__raw_vale_id__originali__buono__pasta__000256.png,1,0,1,1.0,0.0,0.0,0.0,,,0,0,1,0
ds5__raw_vale_id__originali__buono__pasta__000264.jpg,1,0,1,1.0,0.0,0.0,0.0,,,0,0,1,0
ds5__raw_vale_id__originali__buono__pasta__000265.jpg,1,0,1,1.0,0.0,0.0,0.0,,,0,0,1,0
ds5__raw_vale_id__originali__buono__pasta__000266.jpg,1,0,1,1.0,0.0,0.0,0.0,,,0,0,1,0
ds5__raw_vale_id__originali__buono__dessert__000183.jpg,1,0,1,1.0,0.0,0.0,0.0,,,0,0,1,0
ds5__raw_vale_id__originali__buono__dessert__000188.jpg,1,0,1,1.0,0.0,0.0,0.0,,,0,0,1,0
ds5__raw_vale_id__originali__buono__dessert__000197.jpg,1,0,1,0.0,0.0,0.0,0.0,,,0,1,0,0
ds5__raw_vale_id__originali__buono__fritti__000203.jpg,1,0,1,1.0,0.0,0.0,0.0,,,0,0,1,0
ds5__raw_vale_id__originali__buono__fritti__000206.jpg,1,0,1,0.0,0.0,0.0,0.0,,,0,1,0,0
ds5__raw_vale_id__originali__buono__fritti__000207.jpg,1,0,1,1.0,0.0,0.0,0.0,,,0,0,1,0
ds5__raw_vale_id__originali__buono__insalata__000215.jpg,1,0,1,1.0,0.0,0.0,0.0,,,0,0,1,0
ds5__raw_vale_id__originali__buono__pasta__000231.jpg,1,0,1,1.0,0.0,0.0,0.0,,,0,0,1,0
ds5__raw_vale_id__originali__buono__carne__000143.jpg,1,0,1,0.0,0.0,0.0,0.0,,,0,1,0,0
ds5__raw_vale_id__originali__buono__carne__000154.jpg,1,0,1,1.0,0.0,0.0,0.0,,,0,0,1,0
ds5__raw_vale_id__originali__buono__carne__000155.jpg,1,0,1,1.0,0.0,0.0,0.0,,,0,0,1,0
ds5__raw_vale_id__originali__buono__carne__000161.jpg,1,0,1,1.0,0.0,0.0,0.0,,,0,0,1,0
ds5__raw_vale_id__originali__buono__carne__000163.jpg,1,0,1,1.0,0.0,0.0,0.0,,,0,0,1,0
ds5__raw_vale_id__originali__buono__carne__000170.jpg,1,0,1,1.0,0.0,0.0,0.0,,,0,0,1,0
ds5__raw_vale_id__originali__buono__carne__000173.jpg,1,0,1,1.0,0.0,0.0,0.0,,,0,0,1,0
ds5__raw_vale_id__originali__buono__dessert__000179.jpg,1,0,1,1.0,0.0,0.0,0.0,,,0,0,1,0
ds1__platsim_ar_pico_banana_9gb-V__originali__root__000524.jpg,1,0,1,1.0,0.0,0.0,0.0,,,0,0,1,0
ds1__platsim_ar_pico_banana_9gb-V__originali__root__000538.jpg,1,0,1,1.0,0.0,0.0,0.0,,,0,0,1,0
ds1__platsim_ar_pico_banana_9gb-V__originali__root__000541.jpg,1,0,1,1.0,0.0,0.0,0.0,,,0,0,1,0
ds1__platsim_ar_pico_banana_9gb-V__originali__root__000542.jpg,1,0,1,0.0,0.0,0.0,0.0,,,0,1,0,0
ds1__platsim_ar_pico_banana_9gb-V__originali__root__000543.jpg,1,0,1,1.0,0.0,0.0,0.0,,,0,0,1,0
ds1__platsim_ar_pico_banana_9gb-V__originali__root__000570.jpg,1,0,1,1.0,0.0,0.0,0.0,,,0,0,1,0
ds1__platsim_ar_pico_banana_9gb-V__originali__root__000572.jpg,1,0,1,1.0,0.0,0.0,0.0,,,0,0,1,0
ds1__platsim_ar_pico_banana_9gb-V__originali__root__000574.jpg,1,0,1,1.0,0.0,0.0,0.0,,,0,0,1,0
ds1__platsim_ar_pico_banana_9gb-V__originali__root__000486.jpg,1,0,1,1.0,0.0,0.0,0.0,,,0,0,1,0
ds1__platsim_ar_pico_banana_9gb-V__originali__root__000490.jpg,1,0,1,0.0,0.0,0.0,0.0,,,0,1,0,0
ds1__platsim_ar_pico_banana_9gb-V__originali__root__000501.jpg,1,0,1,1.0,0.0,0.0,0.0,,,0,0,1,0
ds1__platsim_ar_pico_banana_9gb-V__originali__root__000505.jpg,1,0,1,1.0,0.0,0.0,0.0,,,0,0,1,0
ds1__platsim_ar_pico_banana_9gb-V__originali__root__000509.jpg,1,0,1,0.0,0.0,0.0,0.0,,,0,1,0,0
ds1__platsim_ar_pico_banana_9gb-V__originali__root__000510.jpg,1,0,1,1.0,0.0,0.0,0.0,,,0,0,1,0
ds1__platsim_ar_pico_banana_9gb-V__originali__root__000518.jpg,1,0,1,1.0,0.0,0.0,0.0,,,0,0,1,0
ds1__platsim_ar_pico_banana_9gb-V__originali__root__000520.jpg,1,0,1,1.0,0.0,0.0,0.0,,,0,0,1,0
ds1__platsim_ar_pico_banana_9gb-V__originali__root__000428.jpg,1,0,1,0.0,0.0,0.0,0.0,,,0,1,0,0
ds1__platsim_ar_pico_banana_9gb-V__originali__root__000430.jpg,1,0,1,0.0,0.0,0.0,0.0,,,0,1,0,0
ds1__platsim_ar_pico_banana_9gb-V__originali__root__000436.jpg,1,0,1,0.0,0.0,0.0,0.0,,,0,1,0,0
ds1__platsim_ar_pico_banana_9gb-V__originali__root__000437.jpg,1,0,1,1.0,0.0,0.0,0.0,,,0,0,1,0
ds1__platsim_ar_pico_banana_9gb-V__originali__root__000448.jpg,1,0,1,1.0,0.0,0.0,0.0,,,0,0,1,0
ds1__platsim_ar_pico_banana_9gb-V__originali__root__000466.jpg,1,0,1,1.0,0.0,0.0,0.0,,,0,0,1,0
ds1__platsim_ar_pico_banana_9gb-V__originali__root__000482.jpg,1,0,1,1.0,0.0,0.0,0.0,,,0,0,1,0
ds1__platsim_ar_pico_banana_9gb-V__originali__root__000485.jpg,1,0,1,1.0,0.0,0.0,0.0,,,0,0,1,0
ds1__platsim_ar_pico_banana_9gb-V__originali__root__000373.jpg,1,0,1,1.0,0.0,0.0,0.0,,,0,0,1,0
ds1__platsim_ar_pico_banana_9gb-V__originali__root__000375.jpg,1,0,1,1.0,0.0,0.0,0.0,,,0,0,1,0
ds1__platsim_ar_pico_banana_9gb-V__originali__root__000402.jpg,1,0,1,1.0,0.0,0.0,0.0,,,0,0,1,0
ds1__platsim_ar_pico_banana_9gb-V__originali__root__000403.jpg,1,0,1,1.0,0.0,0.0,0.0,,,0,0,1,0
ds1__platsim_ar_pico_banana_9gb-V__originali__root__000406.jpg,1,0,1,1.0,0.0,0.0,0.0,,,0,0,1,0
ds1__platsim_ar_pico_banana_9gb-V__originali__root__000407.jpg,1,0,1,0.0,0.0,0.0,0.0,,,0,1,0,0
ds1__platsim_ar_pico_banana_9gb-V__originali__root__000423.jpg,1,0,1,1.0,0.0,0.0,0.0,,,0,0,1,0
ds1__platsim_ar_pico_banana_9gb-V__originali__root__000427.jpg,1,0,1,1.0,0.0,0.0,0.0,,,0,0,1,0
ds1__platsim_ar_pico_banana_9gb-V__originali__root__000766.jpg,1,0,1,0.0,0.0,0.0,0.0,,,0,1,0,0
ds1__platsim_ar_pico_banana_9gb-V__originali__root__000796.jpg,1,0,1,0.0,0.0,0.0,0.0,,,0,1,0,0
ds1__platsim_ar_pico_banana_9gb-V__originali__root__000798.jpg,1,0,1,1.0,0.0,0.0,0.0,,,0,0,1,0
ds1__platsim_ar_pico_banana_9gb-V__originali__root__000801.jpg,1,0,1,1.0,0.0,0.0,0.0,,,0,0,1,0
ds1__platsim_ar_pico_banana_9gb-V__originali__root__000805.jpg,1,0,1,1.0,0.0,0.0,0.0,,,0,0,1,0
ds1__platsim_ar_pico_banana_9gb-V__originali__root__000813.jpg,1,0,1,1.0,0.0,0.0,0.0,,,0,0,1,0
ds1__platsim_ar_pico_banana_9gb-V__originali__root__000818.jpg,1,0,1,1.0,0.0,0.0,0.0,,,0,0,1,0
ds1__platsim_ar_pico_banana_9gb-V__originali__root__000819.jpg,1,0,1,1.0,0.0,0.0,0.0,,,0,0,1,0
ds1__platsim_ar_pico_banana_9gb-V__originali__root__000677.jpg,1,0,1,1.0,0.0,0.0,0.0,,,0,0,1,0
ds1__platsim_ar_pico_banana_9gb-V__originali__root__000684.jpg,1,0,1,1.0,0.0,0.0,0.0,,,0,0,1,0
ds1__platsim_ar_pico_banana_9gb-V__originali__root__000703.jpg,1,0,1,1.0,0.0,0.0,0.0,,,0,0,1,0
ds1__platsim_ar_pico_banana_9gb-V__originali__root__000719.jpg,1,0,1,1.0,0.0,0.0,0.0,,,0,0,1,0
ds1__platsim_ar_pico_banana_9gb-V__originali__root__000720.jpg,1,0,1,0.0,0.0,0.0,0.0,,,0,1,0,0
ds1__platsim_ar_pico_banana_9gb-V__originali__root__000743.jpg,1,0,1,0.0,0.0,0.0,0.0,,,0,1,0,0
ds1__platsim_ar_pico_banana_9gb-V__originali__root__000755.jpg,1,0,1,1.0,0.0,0.0,0.0,,,0,0,1,0
ds1__platsim_ar_pico_banana_9gb-V__originali__root__000760.jpg,1,0,1,1.0,0.0,0.0,0.0,,,0,0,1,0
ds1__platsim_ar_pico_banana_9gb-V__originali__root__000620.jpg,1,0,1,0.0,0.0,0.0,0.0,,,0,1,0,0
ds1__platsim_ar_pico_banana_9gb-V__originali__root__000624.jpg,1,0,1,0.0,0.0,0.0,0.0,,,0,1,0,0
ds1__platsim_ar_pico_banana_9gb-V__originali__root__000625.jpg,1,0,1,0.0,0.0,0.0,0.0,,,0,1,0,0
ds1__platsim_ar_pico_banana_9gb-V__originali__root__000630.jpg,1,0,1,1.0,0.0,0.0,0.0,,,0,0,1,0
ds1__platsim_ar_pico_banana_9gb-V__originali__root__000643.jpg,1,0,1,0.0,0.0,0.0,0.0,,,0,1,0,0
ds1__platsim_ar_pico_banana_9gb-V__originali__root__000655.jpg,1,0,1,0.0,0.0,0.0,0.0,,,0,1,0,0
ds1__platsim_ar_pico_banana_9gb-V__originali__root__000662.jpg,1,0,1,1.0,0.0,0.0,0.0,,,0,0,1,0
ds1__platsim_ar_pico_banana_9gb-V__originali__root__000663.jpg,1,0,1,0.0,0.0,0.0,0.0,,,0,1,0,0
ds1__platsim_ar_pico_banana_9gb-V__originali__root__000580.jpg,1,0,1,1.0,0.0,0.0,0.0,,,0,0,1,0
ds1__platsim_ar_pico_banana_9gb-V__originali__root__000591.jpg,1,0,1,0.0,0.0,0.0,0.0,,,0,1,0,0
ds1__platsim_ar_pico_banana_9gb-V__originali__root__000597.jpg,1,0,1,1.0,0.0,0.0,0.0,,,0,0,1,0
ds1__platsim_ar_pico_banana_9gb-V__originali__root__000602.jpg,1,0,1,1.0,0.0,0.0,0.0,,,0,0,1,0
ds1__platsim_ar_pico_banana_9gb-V__originali__root__000603.jpg,1,0,1,0.0,0.0,0.0,0.0,,,0,1,0,0
ds1__platsim_ar_pico_banana_9gb-V__originali__root__000608.jpg,1,0,1,1.0,0.0,0.0,0.0,,,0,0,1,0
ds1__platsim_ar_pico_banana_9gb-V__originali__root__000610.jpg,1,0,1,1.0,0.0,0.0,0.0,,,0,0,1,0
ds1__platsim_ar_pico_banana_9gb-V__originali__root__000615.jpg,1,0,1,1.0,0.0,0.0,0.0,,,0,0,1,0
ds1__platsim_ar_pico_banana_9gb-V__originali__root__000933.jpg,1,0,1,0.0,0.0,0.0,0.0,,,0,1,0,0
ds1__platsim_ar_pico_banana_9gb-V__originali__root__000941.jpg,1,0,1,0.0,0.0,0.0,0.0,,,0,1,0,0
ds1__platsim_ar_pico_banana_9gb-V__originali__root__000942.jpg,1,0,1,1.0,0.0,0.0,0.0,,,0,0,1,0
ds1__platsim_ar_pico_banana_9gb-V__originali__root__000954.jpg,1,0,1,0.0,0.0,0.0,0.0,,,0,1,0,0
ds1__platsim_ar_pico_banana_9gb-V__originali__root__000961.jpg,1,0,1,1.0,0.0,0.0,0.0,,,0,0,1,0
ds1__platsim_ar_pico_banana_9gb-V__originali__root__000973.jpg,1,0,1,1.0,0.0,0.0,0.0,,,0,0,1,0
ds1__platsim_ar_pico_banana_9gb-V__originali__root__000974.jpg,1,0,1,0.0,0.0,0.0,0.0,,,0,1,0,0
ds1__platsim_ar_pico_banana_9gb-V__originali__root__000991.jpg,1,0,1,0.0,0.0,0.0,0.0,,,0,1,0,0
ds1__platsim_ar_pico_banana_9gb-V__originali__root__000895.jpg,1,0,1,1.0,0.0,0.0,0.0,,,0,0,1,0
ds1__platsim_ar_pico_banana_9gb-V__originali__root__000896.jpg,1,0,1,0.0,0.0,0.0,0.0,,,0,1,0,0
ds1__platsim_ar_pico_banana_9gb-V__originali__root__000904.jpg,1,0,1,1.0,0.0,0.0,0.0,,,0,0,1,0
ds1__platsim_ar_pico_banana_9gb-V__originali__root__000905.jpg,1,0,1,0.0,0.0,0.0,0.0,,,0,1,0,0
ds1__platsim_ar_pico_banana_9gb-V__originali__root__000910.jpg,1,0,1,1.0,0.0,0.0,0.0,,,0,0,1,0
ds1__platsim_ar_pico_banana_9gb-V__originali__root__000915.jpg,1,0,1,1.0,0.0,0.0,0.0,,,0,0,1,0
ds1__platsim_ar_pico_banana_9gb-V__originali__root__000919.jpg,1,0,1,1.0,0.0,0.0,0.0,,,0,0,1,0
ds1__platsim_ar_pico_banana_9gb-V__originali__root__000923.jpg,1,0,1,1.0,0.0,0.0,0.0,,,0,0,1,0
ds1__platsim_ar_pico_banana_9gb-V__originali__root__000850.jpg,1,0,1,0.0,0.0,0.0,0.0,,,0,1,0,0
ds1__platsim_ar_pico_banana_9gb-V__originali__root__000857.jpg,1,0,1,0.0,0.0,0.0,0.0,,,0,1,0,0
ds1__platsim_ar_pico_banana_9gb-V__originali__root__000858.jpg,1,0,1,1.0,0.0,0.0,0.0,,,0,0,1,0
ds1__platsim_ar_pico_banana_9gb-V__originali__root__000859.jpg,1,0,1,1.0,0.0,0.0,0.0,,,0,0,1,0
ds1__platsim_ar_pico_banana_9gb-V__originali__root__000866.jpg,1,0,1,1.0,0.0,0.0,0.0,,,0,0,1,0
ds1__platsim_ar_pico_banana_9gb-V__originali__root__000876.jpg,1,0,1,0.0,0.0,0.0,0.0,,,0,1,0,0
ds1__platsim_ar_pico_banana_9gb-V__originali__root__000880.jpg,1,0,1,1.0,0.0,0.0,0.0,,,0,0,1,0
ds1__platsim_ar_pico_banana_9gb-V__originali__root__000884.jpg,1,0,1,1.0,0.0,0.0,0.0,,,0,0,1,0
ds1__platsim_ar_pico_banana_9gb-V__originali__root__000821.jpg,1,0,1,0.0,0.0,0.0,0.0,,,0,1,0,0
ds1__platsim_ar_pico_banana_9gb-V__originali__root__000824.jpg,1,0,1,1.0,0.0,0.0,0.0,,,0,0,1,0
ds1__platsim_ar_pico_banana_9gb-V__originali__root__000826.jpg,1,0,1,0.0,0.0,0.0,0.0,,,0,1,0,0
ds1__platsim_ar_pico_banana_9gb-V__originali__root__000834.jpg,1,0,1,0.0,0.0,0.0,0.0,,,0,1,0,0
ds1__platsim_ar_pico_banana_9gb-V__originali__root__000839.jpg,1,0,1,1.0,0.0,0.0,0.0,,,0,0,1,0
ds1__platsim_ar_pico_banana_9gb-V__originali__root__000840.jpg,1,0,1,0.0,0.0,0.0,0.0,,,0,1,0,0
ds1__platsim_ar_pico_banana_9gb-V__originali__root__000844.jpg,1,0,1,1.0,0.0,0.0,0.0,,,0,0,1,0
ds1__platsim_ar_pico_banana_9gb-V__originali__root__000846.jpg,1,0,1,0.0,0.0,0.0,0.0,,,0,1,0,0
ds1__platsim_ar_pico_banana_9gb-V__originali__root__001176.jpg,1,0,1,1.0,0.0,0.0,0.0,,,0,0,1,0
ds1__platsim_ar_pico_banana_9gb-V__originali__root__001192.jpg,1,0,1,0.0,0.0,0.0,0.0,,,0,1,0,0
ds1__platsim_ar_pico_banana_9gb-V__originali__root__001200.jpg,1,0,1,1.0,0.0,0.0,0.0,,,0,0,1,0
ds1__platsim_ar_pico_banana_9gb-V__originali__root__001214.jpg,1,0,1,1.0,0.0,0.0,0.0,,,0,0,1,0
ds1__platsim_ar_pico_banana_9gb-V__originali__root__001221.jpg,1,0,1,0.0,0.0,0.0,0.0,,,0,1,0,0
ds1__platsim_ar_pico_banana_9gb-V__originali__root__001224.jpg,1,0,1,0.0,0.0,0.0,0.0,,,0,1,0,0
ds1__platsim_ar_pico_banana_9gb-V__originali__root__001226.jpg,1,0,1,0.0,0.0,0.0,0.0,,,0,1,0,0
ds1__platsim_ar_pico_banana_9gb-V__originali__root__001232.jpg,1,0,1,0.0,0.0,0.0,0.0,,,0,1,0,0
ds1__platsim_ar_pico_banana_9gb-V__originali__root__001084.jpg,1,0,1,1.0,0.0,0.0,0.0,,,0,0,1,0
ds1__platsim_ar_pico_banana_9gb-V__originali__root__001097.jpg,1,0,1,1.0,0.0,0.0,0.0,,,0,0,1,0
ds1__platsim_ar_pico_banana_9gb-V__originali__root__001098.jpg,1,0,1,1.0,0.0,0.0,0.0,,,0,0,1,0
ds1__platsim_ar_pico_banana_9gb-V__originali__root__001102.jpg,1,0,1,0.0,0.0,0.0,0.0,,,0,1,0,0
ds1__platsim_ar_pico_banana_9gb-V__originali__root__001128.jpg,1,0,1,1.0,0.0,0.0,0.0,,,0,0,1,0
ds1__platsim_ar_pico_banana_9gb-V__originali__root__001136.jpg,1,0,1,1.0,0.0,0.0,0.0,,,0,0,1,0
ds1__platsim_ar_pico_banana_9gb-V__originali__root__001169.jpg,1,0,1,0.0,0.0,0.0,0.0,,,0,1,0,0
ds1__platsim_ar_pico_banana_9gb-V__originali__root__001175.jpg,1,0,1,1.0,0.0,0.0,0.0,,,0,0,1,0
ds1__platsim_ar_pico_banana_9gb-V__originali__root__001045.jpg,1,0,1,1.0,0.0,0.0,0.0,,,0,0,1,0
ds1__platsim_ar_pico_banana_9gb-V__originali__root__001049.jpg,1,0,1,0.0,0.0,0.0,0.0,,,0,1,0,0
ds1__platsim_ar_pico_banana_9gb-V__originali__root__001067.jpg,1,0,1,1.0,0.0,0.0,0.0,,,0,0,1,0
ds1__platsim_ar_pico_banana_9gb-V__originali__root__001071.jpg,1,0,1,0.0,0.0,0.0,0.0,,,0,1,0,0
ds1__platsim_ar_pico_banana_9gb-V__originali__root__001073.jpg,1,0,1,1.0,0.0,0.0,0.0,,,0,0,1,0
ds1__platsim_ar_pico_banana_9gb-V__originali__root__001075.jpg,1,0,1,1.0,0.0,0.0,0.0,,,0,0,1,0
ds1__platsim_ar_pico_banana_9gb-V__originali__root__001077.jpg,1,0,1,0.0,0.0,0.0,0.0,,,0,1,0,0
ds1__platsim_ar_pico_banana_9gb-V__originali__root__001078.jpg,1,0,1,1.0,0.0,0.0,0.0,,,0,0,1,0
ds1__platsim_ar_pico_banana_9gb-V__originali__root__000997.jpg,1,0,1,1.0,0.0,0.0,0.0,,,0,0,1,0
ds1__platsim_ar_pico_banana_9gb-V__originali__root__001009.jpg,1,0,1,1.0,0.0,0.0,0.0,,,0,0,1,0
ds1__platsim_ar_pico_banana_9gb-V__originali__root__001021.jpg,1,0,1,1.0,0.0,0.0,0.0,,,0,0,1,0
ds1__platsim_ar_pico_banana_9gb-V__originali__root__001027.jpg,1,0,1,0.0,0.0,0.0,0.0,,,0,1,0,0
ds1__platsim_ar_pico_banana_9gb-V__originali__root__001028.jpg,1,0,1,1.0,0.0,0.0,0.0,,,0,0,1,0
ds1__platsim_ar_pico_banana_9gb-V__originali__root__001032.jpg,1,0,1,1.0,0.0,0.0,0.0,,,0,0,1,0
ds1__platsim_ar_pico_banana_9gb-V__originali__root__001043.jpg,1,0,1,1.0,0.0,0.0,0.0,,,0,0,1,0
ds1__platsim_ar_pico_banana_9gb-V__originali__root__001044.jpg,1,0,1,1.0,0.0,0.0,0.0,,,0,0,1,0
ds1__platsim_ar_pico_banana_9gb-V__originali__root__001429.jpg,1,0,1,0.0,0.0,0.0,0.0,,,0,1,0,0
ds1__platsim_ar_pico_banana_9gb-V__originali__root__001433.jpg,1,0,1,0.0,0.0,0.0,0.0,,,0,1,0,0
ds1__platsim_ar_pico_banana_9gb-V__originali__root__001434.jpg,1,0,1,1.0,0.0,0.0,0.0,,,0,0,1,0
ds1__platsim_ar_pico_banana_9gb-V__originali__root__001437.jpg,1,0,1,1.0,0.0,0.0,0.0,,,0,0,1,0
ds1__platsim_ar_pico_banana_9gb-V__originali__root__001443.jpg,1,0,1,1.0,0.0,0.0,0.0,,,0,0,1,0
ds1__platsim_ar_pico_banana_9gb-V__originali__root__001446.jpg,1,0,1,1.0,0.0,0.0,0.0,,,0,0,1,0
ds1__platsim_ar_pico_banana_9gb-V__originali__root__001448.jpg,1,0,1,0.0,0.0,0.0,0.0,,,0,1,0,0
ds1__platsim_ar_pico_banana_9gb-V__originali__root__001462.jpg,1,0,1,0.0,0.0,0.0,0.0,,,0,1,0,0
ds1__platsim_ar_pico_banana_9gb-V__originali__root__001343.jpg,1,0,1,0.0,0.0,0.0,0.0,,,0,1,0,0
ds1__platsim_ar_pico_banana_9gb-V__originali__root__001359.jpg,1,0,1,1.0,0.0,0.0,0.0,,,0,0,1,0
ds1__platsim_ar_pico_banana_9gb-V__originali__root__001378.jpg,1,0,1,1.0,0.0,0.0,0.0,,,0,0,1,0
ds1__platsim_ar_pico_banana_9gb-V__originali__root__001392.jpg,1,0,1,1.0,0.0,0.0,0.0,,,0,0,1,0
ds1__platsim_ar_pico_banana_9gb-V__originali__root__001397.jpg,1,0,1,1.0,0.0,0.0,0.0,,,0,0,1,0
ds1__platsim_ar_pico_banana_9gb-V__originali__root__001399.jpg,1,0,1,1.0,0.0,0.0,0.0,,,0,0,1,0
ds1__platsim_ar_pico_banana_9gb-V__originali__root__001419.jpg,1,0,1,0.0,0.0,0.0,0.0,,,0,1,0,0
ds1__platsim_ar_pico_banana_9gb-V__originali__root__001425.jpg,1,0,1,1.0,0.0,0.0,0.0,,,0,0,1,0
ds1__platsim_ar_pico_banana_9gb-V__originali__root__001301.jpg,1,0,1,0.0,0.0,0.0,0.0,,,0,1,0,0
ds1__platsim_ar_pico_banana_9gb-V__originali__root__001304.jpg,1,0,1,0.0,0.0,0.0,0.0,,,0,1,0,0
ds1__platsim_ar_pico_banana_9gb-V__originali__root__001305.jpg,1,0,1,1.0,0.0,0.0,0.0,,,0,0,1,0
ds1__platsim_ar_pico_banana_9gb-V__originali__root__001314.jpg,1,0,1,1.0,0.0,0.0,0.0,,,0,0,1,0
ds1__platsim_ar_pico_banana_9gb-V__originali__root__001318.jpg,1,0,1,0.0,0.0,0.0,0.0,,,0,1,0,0
ds1__platsim_ar_pico_banana_9gb-V__originali__root__001326.jpg,1,0,1,1.0,0.0,0.0,0.0,,,0,0,1,0
ds1__platsim_ar_pico_banana_9gb-V__originali__root__001339.jpg,1,0,1,0.0,0.0,0.0,0.0,,,0,1,0,0
ds1__platsim_ar_pico_banana_9gb-V__originali__root__001342.jpg,1,0,1,0.0,0.0,0.0,0.0,,,0,1,0,0
ds1__platsim_ar_pico_banana_9gb-V__originali__root__001248.jpg,1,0,1,0.0,0.0,0.0,0.0,,,0,1,0,0
ds1__platsim_ar_pico_banana_9gb-V__originali__root__001261.jpg,1,0,1,1.0,0.0,0.0,0.0,,,0,0,1,0
ds1__platsim_ar_pico_banana_9gb-V__originali__root__001269.jpg,1,0,1,1.0,0.0,0.0,0.0,,,0,0,1,0
ds1__platsim_ar_pico_banana_9gb-V__originali__root__001282.jpg,1,0,1,0.0,0.0,0.0,0.0,,,0,1,0,0
ds1__platsim_ar_pico_banana_9gb-V__originali__root__001283.jpg,1,0,1,1.0,0.0,0.0,0.0,,,0,0,1,0
ds1__platsim_ar_pico_banana_9gb-V__originali__root__001287.jpg,1,0,1,0.0,0.0,0.0,0.0,,,0,1,0,0
ds1__platsim_ar_pico_banana_9gb-V__originali__root__001290.jpg,1,0,1,1.0,0.0,0.0,0.0,,,0,0,1,0
ds1__platsim_ar_pico_banana_9gb-V__originali__root__001299.jpg,1,0,1,1.0,0.0,0.0,0.0,,,0,0,1,0
ds1__platsim_ar_pico_banana_9gb-V__originali__root__001653.jpg,1,0,1,1.0,0.0,0.0,0.0,,,0,0,1,0
ds1__platsim_ar_pico_banana_9gb-V__originali__root__001660.jpg,1,0,1,0.0,0.0,0.0,0.0,,,0,1,0,0
ds1__platsim_ar_pico_banana_9gb-V__originali__root__001664.jpg,1,0,1,1.0,0.0,0.0,0.0,,,0,0,1,0
ds1__platsim_ar_pico_banana_9gb-V__originali__root__001667.jpg,1,0,1,0.0,0.0,0.0,0.0,,,0,1,0,0
ds1__platsim_ar_pico_banana_9gb-V__originali__root__001669.jpg,1,0,1,1.0,0.0,0.0,0.0,,,0,0,1,0
ds1__platsim_ar_pico_banana_9gb-V__originali__root__001671.jpg,1,0,1,1.0,0.0,0.0,0.0,,,0,0,1,0
ds1__platsim_ar_pico_banana_9gb-V__originali__root__001674.jpg,1,0,1,1.0,0.0,0.0,0.0,,,0,0,1,0
ds1__platsim_ar_pico_banana_9gb-V__originali__root__001682.jpg,1,0,1,1.0,0.0,0.0,0.0,,,0,0,1,0
ds1__platsim_ar_pico_banana_9gb-V__originali__root__001588.jpg,1,0,1,1.0,0.0,0.0,0.0,,,0,0,1,0
ds1__platsim_ar_pico_banana_9gb-V__originali__root__001604.jpg,1,0,1,1.0,0.0,0.0,0.0,,,0,0,1,0
ds1__platsim_ar_pico_banana_9gb-V__originali__root__001609.jpg,1,0,1,0.0,0.0,0.0,0.0,,,0,1,0,0
ds1__platsim_ar_pico_banana_9gb-V__originali__root__001611.jpg,1,0,1,1.0,0.0,0.0,0.0,,,0,0,1,0
ds1__platsim_ar_pico_banana_9gb-V__originali__root__001612.jpg,1,0,1,1.0,0.0,0.0,0.0,,,0,0,1,0
ds1__platsim_ar_pico_banana_9gb-V__originali__root__001628.jpg,1,0,1,0.0,0.0,0.0,0.0,,,0,1,0,0
ds1__platsim_ar_pico_banana_9gb-V__originali__root__001632.jpg,1,0,1,1.0,0.0,0.0,0.0,,,0,0,1,0
ds1__platsim_ar_pico_banana_9gb-V__originali__root__001650.jpg,1,0,1,1.0,0.0,0.0,0.0,,,0,0,1,0
ds1__platsim_ar_pico_banana_9gb-V__originali__root__001530.jpg,1,0,1,0.0,0.0,0.0,0.0,,,0,1,0,0
ds1__platsim_ar_pico_banana_9gb-V__originali__root__001538.jpg,1,0,1,1.0,0.0,0.0,0.0,,,0,0,1,0
ds1__platsim_ar_pico_banana_9gb-V__originali__root__001539.jpg,1,0,1,1.0,0.0,0.0,0.0,,,0,0,1,0
ds1__platsim_ar_pico_banana_9gb-V__originali__root__001545.jpg,1,0,1,1.0,0.0,0.0,0.0,,,0,0,1,0
ds1__platsim_ar_pico_banana_9gb-V__originali__root__001559.jpg,1,0,1,1.0,0.0,0.0,0.0,,,0,0,1,0
ds1__platsim_ar_pico_banana_9gb-V__originali__root__001562.jpg,1,0,1,1.0,0.0,0.0,0.0,,,0,0,1,0
ds1__platsim_ar_pico_banana_9gb-V__originali__root__001573.jpg,1,0,1,0.0,0.0,0.0,0.0,,,0,1,0,0
ds1__platsim_ar_pico_banana_9gb-V__originali__root__001576.jpg,1,0,1,0.0,0.0,0.0,0.0,,,0,1,0,0
ds1__platsim_ar_pico_banana_9gb-V__originali__root__001472.jpg,1,0,1,0.0,0.0,0.0,0.0,,,0,1,0,0
ds1__platsim_ar_pico_banana_9gb-V__originali__root__001487.jpg,1,0,1,1.0,0.0,0.0,0.0,,,0,0,1,0
ds1__platsim_ar_pico_banana_9gb-V__originali__root__001502.jpg,1,0,1,0.0,0.0,0.0,0.0,,,0,1,0,0
ds1__platsim_ar_pico_banana_9gb-V__originali__root__001505.jpg,1,0,1,1.0,0.0,0.0,0.0,,,0,0,1,0
ds1__platsim_ar_pico_banana_9gb-V__originali__root__001509.jpg,1,0,1,1.0,0.0,0.0,0.0,,,0,0,1,0
ds1__platsim_ar_pico_banana_9gb-V__originali__root__001514.jpg,1,0,1,1.0,0.0,0.0,0.0,,,0,0,1,0
ds1__platsim_ar_pico_banana_9gb-V__originali__root__001522.jpg,1,0,1,0.0,0.0,0.0,0.0,,,0,1,0,0
ds1__platsim_ar_pico_banana_9gb-V__originali__root__001524.jpg,1,0,1,1.0,0.0,0.0,0.0,,,0,0,1,0
ds1__platsim_ar_pico_banana_9gb-V__originali__root__001884.jpg,1,0,1,1.0,0.0,0.0,0.0,,,0,0,1,0
ds1__platsim_ar_pico_banana_9gb-V__originali__root__001897.jpg,1,0,1,0.0,0.0,0.0,0.0,,,0,1,0,0
ds1__platsim_ar_pico_banana_9gb-V__originali__root__001904.jpg,1,0,1,1.0,0.0,0.0,0.0,,,0,0,1,0
ds1__platsim_ar_pico_banana_9gb-V__originali__root__001909.jpg,1,0,1,0.0,0.0,0.0,0.0,,,0,1,0,0
ds1__platsim_ar_pico_banana_9gb-V__originali__root__001922.jpg,1,0,1,1.0,0.0,0.0,0.0,,,0,0,1,0
ds1__platsim_ar_pico_banana_9gb-V__originali__root__001926.jpg,1,0,1,1.0,0.0,0.0,0.0,,,0,0,1,0
ds1__platsim_ar_pico_banana_9gb-V__originali__root__001927.jpg,1,0,1,1.0,0.0,0.0,0.0,,,0,0,1,0
ds1__platsim_ar_pico_banana_9gb-V__originali__root__001933.jpg,1,0,1,1.0,0.0,0.0,0.0,,,0,0,1,0
ds1__platsim_ar_pico_banana_9gb-V__originali__root__001824.jpg,1,0,1,0.0,0.0,0.0,0.0,,,0,1,0,0
ds1__platsim_ar_pico_banana_9gb-V__originali__root__001830.jpg,1,0,1,1.0,0.0,0.0,0.0,,,0,0,1,0
ds1__platsim_ar_pico_banana_9gb-V__originali__root__001834.jpg,1,0,1,1.0,0.0,0.0,0.0,,,0,0,1,0
ds1__platsim_ar_pico_banana_9gb-V__originali__root__001844.jpg,1,0,1,0.0,0.0,0.0,0.0,,,0,1,0,0
ds1__platsim_ar_pico_banana_9gb-V__originali__root__001852.jpg,1,0,1,1.0,0.0,0.0,0.0,,,0,0,1,0
ds1__platsim_ar_pico_banana_9gb-V__originali__root__001870.jpg,1,0,1,0.0,0.0,0.0,0.0,,,0,1,0,0
ds1__platsim_ar_pico_banana_9gb-V__originali__root__001874.jpg,1,0,1,1.0,0.0,0.0,0.0,,,0,0,1,0
ds1__platsim_ar_pico_banana_9gb-V__originali__root__001877.jpg,1,0,1,0.0,0.0,0.0,0.0,,,0,1,0,0
ds1__platsim_ar_pico_banana_9gb-V__originali__root__001759.jpg,1,0,1,1.0,0.0,0.0,0.0,,,0,0,1,0
ds1__platsim_ar_pico_banana_9gb-V__originali__root__001766.jpg,1,0,1,1.0,0.0,0.0,0.0,,,0,0,1,0
ds1__platsim_ar_pico_banana_9gb-V__originali__root__001770.jpg,1,0,1,1.0,0.0,0.0,0.0,,,0,0,1,0
ds1__platsim_ar_pico_banana_9gb-V__originali__root__001774.jpg,1,0,1,1.0,0.0,0.0,0.0,,,0,0,1,0
ds1__platsim_ar_pico_banana_9gb-V__originali__root__001798.jpg,1,0,1,1.0,0.0,0.0,0.0,,,0,0,1,0
ds1__platsim_ar_pico_banana_9gb-V__originali__root__001810.jpg,1,0,1,1.0,0.0,0.0,0.0,,,0,0,1,0
ds1__platsim_ar_pico_banana_9gb-V__originali__root__001813.jpg,1,0,1,0.0,0.0,0.0,0.0,,,0,1,0,0
ds1__platsim_ar_pico_banana_9gb-V__originali__root__001822.jpg,1,0,1,1.0,0.0,0.0,0.0,,,0,0,1,0
ds1__platsim_ar_pico_banana_9gb-V__originali__root__001690.jpg,1,0,1,1.0,0.0,0.0,0.0,,,0,0,1,0
ds1__platsim_ar_pico_banana_9gb-V__originali__root__001691.jpg,1,0,1,0.0,0.0,0.0,0.0,,,0,1,0,0
ds1__platsim_ar_pico_banana_9gb-V__originali__root__001698.jpg,1,0,1,0.0,0.0,0.0,0.0,,,0,1,0,0
ds1__platsim_ar_pico_banana_9gb-V__originali__root__001707.jpg,1,0,1,0.0,0.0,0.0,0.0,,,0,1,0,0
ds1__platsim_ar_pico_banana_9gb-V__originali__root__001719.jpg,1,0,1,0.0,0.0,0.0,0.0,,,0,1,0,0
ds1__platsim_ar_pico_banana_9gb-V__originali__root__001744.jpg,1,0,1,1.0,0.0,0.0,0.0,,,0,0,1,0
ds1__platsim_ar_pico_banana_9gb-V__originali__root__001747.jpg,1,0,1,1.0,0.0,0.0,0.0,,,0,0,1,0
ds1__platsim_ar_pico_banana_9gb-V__originali__root__001754.jpg,1,0,1,0.0,0.0,0.0,0.0,,,0,1,0,0
ds1__platsim_ar_pico_banana_9gb-V__originali__root__002107.jpg,1,0,1,1.0,0.0,0.0,0.0,,,0,0,1,0
ds1__platsim_ar_pico_banana_9gb-V__originali__root__002111.jpg,1,0,1,0.0,0.0,0.0,0.0,,,0,1,0,0
ds1__platsim_ar_pico_banana_9gb-V__originali__root__002143.jpg,1,0,1,1.0,0.0,0.0,0.0,,,0,0,1,0
ds1__platsim_ar_pico_banana_9gb-V__originali__root__002145.jpg,1,0,1,0.0,0.0,0.0,0.0,,,0,1,0,0
ds1__platsim_ar_pico_banana_9gb-V__originali__root__002148.jpg,1,0,1,0.0,0.0,0.0,0.0,,,0,1,0,0
ds1__platsim_ar_pico_banana_9gb-V__originali__root__002149.jpg,1,0,1,1.0,0.0,0.0,0.0,,,0,0,1,0
ds1__platsim_ar_pico_banana_9gb-V__originali__root__002151.jpg,1,0,1,1.0,0.0,0.0,0.0,,,0,0,1,0
ds1__platsim_ar_pico_banana_9gb-V__originali__root__002153.jpg,1,0,1,1.0,0.0,0.0,0.0,,,0,0,1,0
ds1__platsim_ar_pico_banana_9gb-V__originali__root__002049.jpg,1,0,1,1.0,0.0,0.0,0.0,,,0,0,1,0
ds1__platsim_ar_pico_banana_9gb-V__originali__root__002050.jpg,1,0,1,1.0,0.0,0.0,0.0,,,0,0,1,0
ds1__platsim_ar_pico_banana_9gb-V__originali__root__002067.jpg,1,0,1,0.0,0.0,0.0,0.0,,,0,1,0,0
ds1__platsim_ar_pico_banana_9gb-V__originali__root__002069.jpg,1,0,1,1.0,0.0,0.0,0.0,,,0,0,1,0
ds1__platsim_ar_pico_banana_9gb-V__originali__root__002075.jpg,1,0,1,0.0,0.0,0.0,0.0,,,0,1,0,0
ds1__platsim_ar_pico_banana_9gb-V__originali__root__002085.jpg,1,0,1,1.0,0.0,0.0,0.0,,,0,0,1,0
ds1__platsim_ar_pico_banana_9gb-V__originali__root__002102.jpg,1,0,1,0.0,0.0,0.0,0.0,,,0,1,0,0
ds1__platsim_ar_pico_banana_9gb-V__originali__root__002104.jpg,1,0,1,1.0,0.0,0.0,0.0,,,0,0,1,0
ds1__platsim_ar_pico_banana_9gb-V__originali__root__002017.jpg,1,0,1,1.0,0.0,0.0,0.0,,,0,0,1,0
ds1__platsim_ar_pico_banana_9gb-V__originali__root__002020.jpg,1,0,1,1.0,0.0,0.0,0.0,,,0,0,1,0
ds1__platsim_ar_pico_banana_9gb-V__originali__root__002023.jpg,1,0,1,1.0,0.0,0.0,0.0,,,0,0,1,0
ds1__platsim_ar_pico_banana_9gb-V__originali__root__002026.jpg,1,0,1,0.0,0.0,0.0,0.0,,,0,1,0,0
ds1__platsim_ar_pico_banana_9gb-V__originali__root__002034.jpg,1,0,1,1.0,0.0,0.0,0.0,,,0,0,1,0
ds1__platsim_ar_pico_banana_9gb-V__originali__root__002042.jpg,1,0,1,1.0,0.0,0.0,0.0,,,0,0,1,0
ds1__platsim_ar_pico_banana_9gb-V__originali__root__002046.jpg,1,0,1,1.0,0.0,0.0,0.0,,,0,0,1,0
ds1__platsim_ar_pico_banana_9gb-V__originali__root__002047.jpg,1,0,1,0.0,0.0,0.0,0.0,,,0,1,0,0
ds1__platsim_ar_pico_banana_9gb-V__originali__root__001946.jpg,1,0,1,1.0,0.0,0.0,0.0,,,0,0,1,0
ds1__platsim_ar_pico_banana_9gb-V__originali__root__001962.jpg,1,0,1,1.0,0.0,0.0,0.0,,,0,0,1,0
ds1__platsim_ar_pico_banana_9gb-V__originali__root__001966.jpg,1,0,1,1.0,0.0,0.0,0.0,,,0,0,1,0
ds1__platsim_ar_pico_banana_9gb-V__originali__root__001978.jpg,1,0,1,1.0,0.0,0.0,0.0,,,0,0,1,0
ds1__platsim_ar_pico_banana_9gb-V__originali__root__001984.jpg,1,0,1,1.0,0.0,0.0,0.0,,,0,0,1,0
ds1__platsim_ar_pico_banana_9gb-V__originali__root__001987.jpg,1,0,1,1.0,0.0,0.0,0.0,,,0,0,1,0
ds1__platsim_ar_pico_banana_9gb-V__originali__root__002012.jpg,1,0,1,1.0,0.0,0.0,0.0,,,0,0,1,0
ds1__platsim_ar_pico_banana_9gb-V__originali__root__002016.jpg,1,0,1,1.0,0.0,0.0,0.0,,,0,0,1,0
ds1__platsim_ar_pico_banana_9gb-V__originali__root__002337.jpg,1,0,1,1.0,0.0,0.0,0.0,,,0,0,1,0
ds1__platsim_ar_pico_banana_9gb-V__originali__root__002360.jpg,1,0,1,0.0,0.0,0.0,0.0,,,0,1,0,0
ds1__platsim_ar_pico_banana_9gb-V__originali__root__002362.jpg,1,0,1,0.0,0.0,0.0,0.0,,,0,1,0,0
ds1__platsim_ar_pico_banana_9gb-V__originali__root__002371.jpg,1,0,1,0.0,0.0,0.0,0.0,,,0,1,0,0
ds1__platsim_ar_pico_banana_9gb-V__originali__root__002375.jpg,1,0,1,0.0,0.0,0.0,0.0,,,0,1,0,0
ds1__platsim_ar_pico_banana_9gb-V__originali__root__002385.jpg,1,0,1,0.0,0.0,0.0,0.0,,,0,1,0,0
ds1__platsim_ar_pico_banana_9gb-V__originali__root__002388.jpg,1,0,1,1.0,0.0,0.0,0.0,,,0,0,1,0
ds1__platsim_ar_pico_banana_9gb-V__originali__root__002394.jpg,1,0,1,1.0,0.0,0.0,0.0,,,0,0,1,0
ds1__platsim_ar_pico_banana_9gb-V__originali__root__002291.jpg,1,0,1,0.0,0.0,0.0,0.0,,,0,1,0,0
ds1__platsim_ar_pico_banana_9gb-V__originali__root__002299.jpg,1,0,1,1.0,0.0,0.0,0.0,,,0,0,1,0
ds1__platsim_ar_pico_banana_9gb-V__originali__root__002311.jpg,1,0,1,1.0,0.0,0.0,0.0,,,0,0,1,0
ds1__platsim_ar_pico_banana_9gb-V__originali__root__002315.jpg,1,0,1,0.0,0.0,0.0,0.0,,,0,1,0,0
ds1__platsim_ar_pico_banana_9gb-V__originali__root__002321.jpg,1,0,1,1.0,0.0,0.0,0.0,,,0,0,1,0
ds1__platsim_ar_pico_banana_9gb-V__originali__root__002325.jpg,1,0,1,0.0,0.0,0.0,0.0,,,0,1,0,0
ds1__platsim_ar_pico_banana_9gb-V__originali__root__002331.jpg,1,0,1,1.0,0.0,0.0,0.0,,,0,0,1,0
ds1__platsim_ar_pico_banana_9gb-V__originali__root__002334.jpg,1,0,1,0.0,0.0,0.0,0.0,,,0,1,0,0
ds1__platsim_ar_pico_banana_9gb-V__originali__root__002252.jpg,1,0,1,0.0,0.0,0.0,0.0,,,0,1,0,0
ds1__platsim_ar_pico_banana_9gb-V__originali__root__002255.jpg,1,0,1,1.0,0.0,0.0,0.0,,,0,0,1,0
ds1__platsim_ar_pico_banana_9gb-V__originali__root__002257.jpg,1,0,1,1.0,0.0,0.0,0.0,,,0,0,1,0
ds1__platsim_ar_pico_banana_9gb-V__originali__root__002261.jpg,1,0,1,1.0,0.0,0.0,0.0,,,0,0,1,0
ds1__platsim_ar_pico_banana_9gb-V__originali__root__002262.jpg,1,0,1,1.0,0.0,0.0,0.0,,,0,0,1,0
ds1__platsim_ar_pico_banana_9gb-V__originali__root__002263.jpg,1,0,1,1.0,0.0,0.0,0.0,,,0,0,1,0
ds1__platsim_ar_pico_banana_9gb-V__originali__root__002271.jpg,1,0,1,1.0,0.0,0.0,0.0,,,0,0,1,0
ds1__platsim_ar_pico_banana_9gb-V__originali__root__002280.jpg,1,0,1,1.0,0.0,0.0,0.0,,,0,0,1,0
ds1__platsim_ar_pico_banana_9gb-V__originali__root__002197.jpg,1,0,1,0.0,0.0,0.0,0.0,,,0,1,0,0
ds1__platsim_ar_pico_banana_9gb-V__originali__root__002199.jpg,1,0,1,0.0,0.0,0.0,0.0,,,0,1,0,0
ds1__platsim_ar_pico_banana_9gb-V__originali__root__002213.jpg,1,0,1,1.0,0.0,0.0,0.0,,,0,0,1,0
ds1__platsim_ar_pico_banana_9gb-V__originali__root__002214.jpg,1,0,1,1.0,0.0,0.0,0.0,,,0,0,1,0
ds1__platsim_ar_pico_banana_9gb-V__originali__root__002216.jpg,1,0,1,0.0,0.0,0.0,0.0,,,0,1,0,0
ds1__platsim_ar_pico_banana_9gb-V__originali__root__002219.jpg,1,0,1,0.0,0.0,0.0,0.0,,,0,1,0,0
ds1__platsim_ar_pico_banana_9gb-V__originali__root__002232.jpg,1,0,1,1.0,0.0,0.0,0.0,,,0,0,1,0
ds1__platsim_ar_pico_banana_9gb-V__originali__root__002251.jpg,1,0,1,0.0,0.0,0.0,0.0,,,0,1,0,0
ds2__exp_3_augmented_v6.2_noK__originali__buono__altro__000049.jpg,1,0,1,1.0,0.0,0.0,0.0,,,0,0,1,0
ds2__exp_3_augmented_v6.2_noK__originali__buono__altro__000058.jpg,1,0,1,1.0,0.0,0.0,0.0,,,0,0,1,0
ds2__exp_3_augmented_v6.2_noK__originali__buono__altro__000062.jpg,1,0,1,1.0,0.0,0.0,0.0,,,0,0,1,0
ds2__exp_3_augmented_v6.2_noK__originali__buono__altro__000064.jpg,1,0,1,1.0,0.0,0.0,0.0,,,0,0,1,0
ds2__exp_3_augmented_v6.2_noK__originali__buono__altro__000067.jpg,1,0,1,1.0,0.0,0.0,0.0,,,0,0,1,0
ds2__exp_3_augmented_v6.2_noK__originali__buono__altro__000087.jpg,1,0,1,1.0,0.0,0.0,0.0,,,0,0,1,0
ds2__exp_3_augmented_v6.2_noK__originali__buono__altro__000089.jpg,1,0,1,1.0,0.0,0.0,0.0,,,0,0,1,0
ds2__exp_3_augmented_v6.2_noK__originali__buono__altro__000101.jpg,1,0,1,1.0,0.0,0.0,0.0,,,0,0,1,0
ds2__exp_3_augmented_v6.2_noK__originali__buono__altro__000009.jpg,1,0,1,1.0,0.0,0.0,0.0,,,0,0,1,0
ds2__exp_3_augmented_v6.2_noK__originali__buono__altro__000012.jpg,1,0,1,1.0,0.0,0.0,0.0,,,0,0,1,0
ds2__exp_3_augmented_v6.2_noK__originali__buono__altro__000014.jpg,1,0,1,1.0,0.0,0.0,0.0,,,0,0,1,0
ds2__exp_3_augmented_v6.2_noK__originali__buono__altro__000015.jpg,1,0,1,1.0,0.0,0.0,0.0,,,0,0,1,0
ds2__exp_3_augmented_v6.2_noK__originali__buono__altro__000017.jpg,1,0,1,1.0,0.0,0.0,0.0,,,0,0,1,0
ds2__exp_3_augmented_v6.2_noK__originali__buono__altro__000019.jpg,1,0,1,1.0,0.0,0.0,0.0,,,0,0,1,0
ds2__exp_3_augmented_v6.2_noK__originali__buono__altro__000021.jpg,1,0,1,1.0,0.0,0.0,0.0,,,0,0,1,0
ds2__exp_3_augmented_v6.2_noK__originali__buono__altro__000045.jpg,1,0,1,1.0,0.0,0.0,0.0,,,0,0,1,0
ds1__platsim_ar_pico_banana_9gb-V__originali__root__002460.jpg,1,0,1,0.0,0.0,0.0,0.0,,,0,1,0,0
ds1__platsim_ar_pico_banana_9gb-V__originali__root__002462.jpg,1,0,1,0.0,0.0,0.0,0.0,,,0,1,0,0
ds1__platsim_ar_pico_banana_9gb-V__originali__root__002470.jpg,1,0,1,1.0,0.0,0.0,0.0,,,0,0,1,0
ds1__platsim_ar_pico_banana_9gb-V__originali__root__002473.jpg,1,0,1,1.0,0.0,0.0,0.0,,,0,0,1,0
ds1__platsim_ar_pico_banana_9gb-V__originali__root__002475.jpg,1,0,1,1.0,0.0,0.0,0.0,,,0,0,1,0
ds1__platsim_ar_pico_banana_9gb-V__originali__root__002477.jpg,1,0,1,1.0,0.0,0.0,0.0,,,0,0,1,0
ds1__platsim_ar_pico_banana_9gb-V__originali__root__002482.jpg,1,0,1,1.0,0.0,0.0,0.0,,,0,0,1,0
ds1__platsim_ar_pico_banana_9gb-V__originali__root__002492.jpg,1,0,1,0.0,0.0,0.0,0.0,,,0,1,0,0
ds1__platsim_ar_pico_banana_9gb-V__originali__root__002399.jpg,1,0,1,1.0,0.0,0.0,0.0,,,0,0,1,0
ds1__platsim_ar_pico_banana_9gb-V__originali__root__002407.jpg,1,0,1,1.0,0.0,0.0,0.0,,,0,0,1,0
ds1__platsim_ar_pico_banana_9gb-V__originali__root__002412.jpg,1,0,1,1.0,0.0,0.0,0.0,,,0,0,1,0
ds1__platsim_ar_pico_banana_9gb-V__originali__root__002418.jpg,1,0,1,1.0,0.0,0.0,0.0,,,0,0,1,0
ds1__platsim_ar_pico_banana_9gb-V__originali__root__002422.jpg,1,0,1,1.0,0.0,0.0,0.0,,,0,0,1,0
ds1__platsim_ar_pico_banana_9gb-V__originali__root__002430.jpg,1,0,1,1.0,0.0,0.0,0.0,,,0,0,1,0
ds1__platsim_ar_pico_banana_9gb-V__originali__root__002456.jpg,1,0,1,1.0,0.0,0.0,0.0,,,0,0,1,0
ds1__platsim_ar_pico_banana_9gb-V__originali__root__002459.jpg,1,0,1,0.0,0.0,0.0,0.0,,,0,1,0,0
ds2__exp_3_augmented_v6.2_noK__originali__buono__carne__000346.jpg,1,0,1,1.0,0.0,0.0,0.0,,,0,0,1,0
ds2__exp_3_augmented_v6.2_noK__originali__buono__carne__000364.jpg,1,0,1,1.0,0.0,0.0,0.0,,,0,0,1,0
ds2__exp_3_augmented_v6.2_noK__originali__buono__carne__000365.jpg,1,0,1,1.0,0.0,0.0,0.0,,,0,0,1,0
ds2__exp_3_augmented_v6.2_noK__originali__buono__carne__000370.jpg,1,0,1,1.0,0.0,0.0,0.0,,,0,0,1,0
ds2__exp_3_augmented_v6.2_noK__originali__buono__carne__000372.jpg,1,0,1,1.0,0.0,0.0,0.0,,,0,0,1,0
ds2__exp_3_augmented_v6.2_noK__originali__buono__carne__000381.jpg,1,0,1,1.0,0.0,0.0,0.0,,,0,0,1,0
ds2__exp_3_augmented_v6.2_noK__originali__buono__carne__000388.jpg,1,0,1,1.0,0.0,0.0,0.0,,,0,0,1,0
ds2__exp_3_augmented_v6.2_noK__originali__buono__carne__000401.jpg,1,0,1,1.0,0.0,0.0,0.0,,,0,0,1,0
ds2__exp_3_augmented_v6.2_noK__originali__buono__burger_panino__000291.jpg,1,0,1,1.0,0.0,0.0,0.0,,,0,0,1,0
ds2__exp_3_augmented_v6.2_noK__originali__buono__burger_panino__000297.jpg,1,0,1,1.0,0.0,0.0,0.0,,,0,0,1,0
ds2__exp_3_augmented_v6.2_noK__originali__buono__burger_panino__000302.jpg,1,0,1,1.0,0.0,0.0,0.0,,,0,0,1,0
ds2__exp_3_augmented_v6.2_noK__originali__buono__carne__000306.jpg,1,0,1,1.0,0.0,0.0,0.0,,,0,0,1,0
ds2__exp_3_augmented_v6.2_noK__originali__buono__carne__000312.jpg,1,0,1,1.0,0.0,0.0,0.0,,,0,0,1,0
ds2__exp_3_augmented_v6.2_noK__originali__buono__carne__000315.jpg,1,0,1,1.0,0.0,0.0,0.0,,,0,0,1,0
ds2__exp_3_augmented_v6.2_noK__originali__buono__carne__000322.jpg,1,0,1,1.0,0.0,0.0,0.0,,,0,0,1,0
ds2__exp_3_augmented_v6.2_noK__originali__buono__carne__000324.jpg,1,0,1,1.0,0.0,0.0,0.0,,,0,0,1,0
ds2__exp_3_augmented_v6.2_noK__originali__buono__burger_panino__000198.jpg,1,0,1,1.0,0.0,0.0,0.0,,,0,0,1,0
ds2__exp_3_augmented_v6.2_noK__originali__buono__burger_panino__000199.jpg,1,0,1,1.0,0.0,0.0,0.0,,,0,0,1,0
ds2__exp_3_augmented_v6.2_noK__originali__buono__burger_panino__000239.jpg,1,0,1,1.0,0.0,0.0,0.0,,,0,0,1,0
ds2__exp_3_augmented_v6.2_noK__originali__buono__burger_panino__000242.jpg,1,0,1,1.0,0.0,0.0,0.0,,,0,0,1,0
ds2__exp_3_augmented_v6.2_noK__originali__buono__burger_panino__000249.jpg,1,0,1,1.0,0.0,0.0,0.0,,,0,0,1,0
ds2__exp_3_augmented_v6.2_noK__originali__buono__burger_panino__000252.jpg,1,0,1,1.0,0.0,0.0,0.0,,,0,0,1,0
ds2__exp_3_augmented_v6.2_noK__originali__buono__burger_panino__000262.jpg,1,0,1,1.0,0.0,0.0,0.0,,,0,0,1,0
ds2__exp_3_augmented_v6.2_noK__originali__buono__burger_panino__000267.jpg,1,0,1,1.0,0.0,0.0,0.0,,,0,0,1,0
ds2__exp_3_augmented_v6.2_noK__originali__buono__altro__000102.jpg,1,0,1,1.0,0.0,0.0,0.0,,,0,0,1,0
ds2__exp_3_augmented_v6.2_noK__originali__buono__altro__000104.jpg,1,0,1,1.0,0.0,0.0,0.0,,,0,0,1,0
ds2__exp_3_augmented_v6.2_noK__originali__buono__altro__000113.jpg,1,0,1,1.0,0.0,0.0,0.0,,,0,0,1,0
ds2__exp_3_augmented_v6.2_noK__originali__buono__altro__000120.jpg,1,0,1,1.0,0.0,0.0,0.0,,,0,0,1,0
ds2__exp_3_augmented_v6.2_noK__originali__buono__altro__000122.jpg,1,0,1,1.0,0.0,0.0,0.0,,,0,0,1,0
ds2__exp_3_augmented_v6.2_noK__originali__buono__burger_panino__000171.jpg,1,0,1,1.0,0.0,0.0,0.0,,,0,0,1,0
ds2__exp_3_augmented_v6.2_noK__originali__buono__burger_panino__000192.jpg,1,0,1,1.0,0.0,0.0,0.0,,,0,0,1,0
ds2__exp_3_augmented_v6.2_noK__originali__buono__burger_panino__000193.jpg,1,0,1,1.0,0.0,0.0,0.0,,,0,0,1,0
ds2__exp_3_augmented_v6.2_noK__originali__buono__frutta_verdura__000545.jpg,1,0,1,1.0,0.0,0.0,0.0,,,0,0,1,0
ds2__exp_3_augmented_v6.2_noK__originali__buono__frutta_verdura__000546.jpg,1,0,1,1.0,0.0,0.0,0.0,,,0,0,1,0
ds2__exp_3_augmented_v6.2_noK__originali__buono__frutta_verdura__000549.jpg,1,0,1,1.0,0.0,0.0,0.0,,,0,0,1,0
ds2__exp_3_augmented_v6.2_noK__originali__buono__frutta_verdura__000552.jpg,1,0,1,1.0,0.0,0.0,0.0,,,0,0,1,0
ds2__exp_3_augmented_v6.2_noK__originali__buono__frutta_verdura__000556.jpg,1,0,1,1.0,0.0,0.0,0.0,,,0,0,1,0
ds2__exp_3_augmented_v6.2_noK__originali__buono__frutta_verdura__000560.jpg,1,0,1,1.0,0.0,0.0,0.0,,,0,0,1,0
ds2__exp_3_augmented_v6.2_noK__originali__buono__frutta_verdura__000568.jpg,1,0,1,1.0,0.0,0.0,0.0,,,0,0,1,0
ds2__exp_3_augmented_v6.2_noK__originali__buono__frutta_verdura__000571.jpg,1,0,1,1.0,0.0,0.0,0.0,,,0,0,1,0
ds2__exp_3_augmented_v6.2_noK__originali__buono__fritti__000502.jpg,1,0,1,1.0,0.0,0.0,0.0,,,0,0,1,0
ds2__exp_3_augmented_v6.2_noK__originali__buono__fritti__000506.jpg,1,0,1,1.0,0.0,0.0,0.0,,,0,0,1,0
ds2__exp_3_augmented_v6.2_noK__originali__buono__fritti__000507.jpg,1,0,1,1.0,0.0,0.0,0.0,,,0,0,1,0
ds2__exp_3_augmented_v6.2_noK__originali__buono__frutta_verdura__000519.jpg,1,0,1,1.0,0.0,0.0,0.0,,,0,0,1,0
ds2__exp_3_augmented_v6.2_noK__originali__buono__frutta_verdura__000522.jpg,1,0,1,1.0,0.0,0.0,0.0,,,0,0,1,0
ds2__exp_3_augmented_v6.2_noK__originali__buono__frutta_verdura__000529.jpg,1,0,1,1.0,0.0,0.0,0.0,,,0,0,1,0
ds2__exp_3_augmented_v6.2_noK__originali__buono__frutta_verdura__000530.jpg,1,0,1,1.0,0.0,0.0,0.0,,,0,0,1,0
ds2__exp_3_augmented_v6.2_noK__originali__buono__frutta_verdura__000539.jpg,1,0,1,1.0,0.0,0.0,0.0,,,0,0,1,0
ds2__exp_3_augmented_v6.2_noK__originali__buono__carne__000442.jpg,1,0,1,1.0,0.0,0.0,0.0,,,0,0,1,0
ds2__exp_3_augmented_v6.2_noK__originali__buono__carne__000443.jpg,1,0,1,1.0,0.0,0.0,0.0,,,0,0,1,0
ds2__exp_3_augmented_v6.2_noK__originali__buono__carne__000446.jpg,1,0,1,1.0,0.0,0.0,0.0,,,0,0,1,0
ds2__exp_3_augmented_v6.2_noK__originali__buono__carne__000450.jpg,1,0,1,1.0,0.0,0.0,0.0,,,0,0,1,0
ds2__exp_3_augmented_v6.2_noK__originali__buono__carne__000451.jpg,1,0,1,1.0,0.0,0.0,0.0,,,0,0,1,0
ds2__exp_3_augmented_v6.2_noK__originali__buono__dessert__000468.jpg,1,0,1,1.0,0.0,0.0,0.0,,,0,0,1,0
ds2__exp_3_augmented_v6.2_noK__originali__buono__dessert__000471.jpg,1,0,1,1.0,0.0,0.0,0.0,,,0,0,1,0
ds2__exp_3_augmented_v6.2_noK__originali__buono__fritti__000485.jpg,1,0,1,1.0,0.0,0.0,0.0,,,0,0,1,0
ds2__exp_3_augmented_v6.2_noK__originali__buono__carne__000402.jpg,1,0,1,1.0,0.0,0.0,0.0,,,0,0,1,0
ds2__exp_3_augmented_v6.2_noK__originali__buono__carne__000404.jpg,1,0,1,1.0,0.0,0.0,0.0,,,0,0,1,0
ds2__exp_3_augmented_v6.2_noK__originali__buono__carne__000407.jpg,1,0,1,1.0,0.0,0.0,0.0,,,0,0,1,0
ds2__exp_3_augmented_v6.2_noK__originali__buono__carne__000409.jpg,1,0,1,1.0,0.0,0.0,0.0,,,0,0,1,0
ds2__exp_3_augmented_v6.2_noK__originali__buono__carne__000415.jpg,1,0,1,1.0,0.0,0.0,0.0,,,0,0,1,0
ds2__exp_3_augmented_v6.2_noK__originali__buono__carne__000416.jpg,1,0,1,1.0,0.0,0.0,0.0,,,0,0,1,0
ds2__exp_3_augmented_v6.2_noK__originali__buono__carne__000419.jpg,1,0,1,1.0,0.0,0.0,0.0,,,0,0,1,0
ds2__exp_3_augmented_v6.2_noK__originali__buono__carne__000426.jpg,1,0,1,1.0,0.0,0.0,0.0,,,0,0,1,0
ds2__exp_3_augmented_v6.2_noK__originali__buono__pasta__000711.jpg,1,0,1,1.0,0.0,0.0,0.0,,,0,0,1,0
ds2__exp_3_augmented_v6.2_noK__originali__buono__pasta__000719.jpg,1,0,1,1.0,0.0,0.0,0.0,,,0,0,1,0
ds2__exp_3_augmented_v6.2_noK__originali__buono__patatine__000728.jpg,1,0,1,1.0,0.0,0.0,0.0,,,0,0,1,0
ds2__exp_3_augmented_v6.2_noK__originali__buono__patatine__000737.jpg,1,0,1,1.0,0.0,0.0,0.0,,,0,0,1,0
ds2__exp_3_augmented_v6.2_noK__originali__buono__patatine__000742.jpg,1,0,1,1.0,0.0,0.0,0.0,,,0,0,1,0
ds2__exp_3_augmented_v6.2_noK__originali__buono__pizza__000745.jpg,1,0,1,1.0,0.0,0.0,0.0,,,0,0,1,0
ds2__exp_3_augmented_v6.2_noK__originali__buono__pizza__000747.jpg,1,0,1,1.0,0.0,0.0,0.0,,,0,0,1,0
ds2__exp_3_augmented_v6.2_noK__originali__buono__pizza__000765.jpg,1,0,1,1.0,0.0,0.0,0.0,,,0,0,1,0
ds2__exp_3_augmented_v6.2_noK__originali__buono__pasta__000659.jpg,1,0,1,1.0,0.0,0.0,0.0,,,0,0,1,0
ds2__exp_3_augmented_v6.2_noK__originali__buono__pasta__000660.jpg,1,0,1,1.0,0.0,0.0,0.0,,,0,0,1,0
ds2__exp_3_augmented_v6.2_noK__originali__buono__pasta__000661.jpg,1,0,1,1.0,0.0,0.0,0.0,,,0,0,1,0
ds2__exp_3_augmented_v6.2_noK__originali__buono__pasta__000674.jpg,1,0,1,1.0,0.0,0.0,0.0,,,0,0,1,0
ds2__exp_3_augmented_v6.2_noK__originali__buono__pasta__000676.jpg,1,0,1,1.0,0.0,0.0,0.0,,,0,0,1,0
ds2__exp_3_augmented_v6.2_noK__originali__buono__pasta__000688.jpg,1,0,1,1.0,0.0,0.0,0.0,,,0,0,1,0
ds2__exp_3_augmented_v6.2_noK__originali__buono__pasta__000703.jpg,1,0,1,1.0,0.0,0.0,0.0,,,0,0,1,0
ds2__exp_3_augmented_v6.2_noK__originali__buono__pasta__000708.jpg,1,0,1,1.0,0.0,0.0,0.0,,,0,0,1,0
ds2__exp_3_augmented_v6.2_noK__originali__buono__pasta__000607.jpg,1,0,1,1.0,0.0,0.0,0.0,,,0,0,1,0
ds2__exp_3_augmented_v6.2_noK__originali__buono__pasta__000627.jpg,1,0,1,1.0,0.0,0.0,0.0,,,0,0,1,0
ds2__exp_3_augmented_v6.2_noK__originali__buono__pasta__000629.jpg,1,0,1,1.0,0.0,0.0,0.0,,,0,0,1,0
ds2__exp_3_augmented_v6.2_noK__originali__buono__pasta__000630.jpg,1,0,1,1.0,0.0,0.0,0.0,,,0,0,1,0
ds2__exp_3_augmented_v6.2_noK__originali__buono__pasta__000638.jpg,1,0,1,1.0,0.0,0.0,0.0,,,0,0,1,0
ds2__exp_3_augmented_v6.2_noK__originali__buono__pasta__000640.jpg,1,0,1,1.0,0.0,0.0,0.0,,,0,0,1,0
ds2__exp_3_augmented_v6.2_noK__originali__buono__pasta__000641.jpg,1,0,1,1.0,0.0,0.0,0.0,,,0,0,1,0
ds2__exp_3_augmented_v6.2_noK__originali__buono__pasta__000649.jpg,1,0,1,1.0,0.0,0.0,0.0,,,0,0,1,0
ds2__exp_3_augmented_v6.2_noK__originali__buono__frutta_verdura__000575.jpg,1,0,1,1.0,0.0,0.0,0.0,,,0,0,1,0
ds2__exp_3_augmented_v6.2_noK__originali__buono__insalata__000580.jpg,1,0,1,1.0,0.0,0.0,0.0,,,0,0,1,0
ds2__exp_3_augmented_v6.2_noK__originali__buono__insalata__000581.jpg,1,0,1,1.0,0.0,0.0,0.0,,,0,0,1,0
ds2__exp_3_augmented_v6.2_noK__originali__buono__insalata__000584.jpg,1,0,1,1.0,0.0,0.0,0.0,,,0,0,1,0
ds2__exp_3_augmented_v6.2_noK__originali__buono__insalata__000593.jpg,1,0,1,1.0,0.0,0.0,0.0,,,0,0,1,0
ds2__exp_3_augmented_v6.2_noK__originali__buono__insalata__000596.jpg,1,0,1,1.0,0.0,0.0,0.0,,,0,0,1,0
ds2__exp_3_augmented_v6.2_noK__originali__buono__insalata__000597.jpg,1,0,1,1.0,0.0,0.0,0.0,,,0,0,1,0
ds2__exp_3_augmented_v6.2_noK__originali__buono__pasta__000605.jpg,1,0,1,1.0,0.0,0.0,0.0,,,0,0,1,0
ds2__exp_3_augmented_v6.2_noK__originali__buono__sushi__000941.jpg,1,0,1,1.0,0.0,0.0,0.0,,,0,0,1,0
ds2__exp_3_augmented_v6.2_noK__originali__buono__sushi__000947.jpg,1,0,1,1.0,0.0,0.0,0.0,,,0,0,1,0
ds2__exp_3_augmented_v6.2_noK__originali__buono__sushi__000950.jpg,1,0,1,1.0,0.0,0.0,0.0,,,0,0,1,0
ds2__exp_3_augmented_v6.2_noK__originali__buono__zuppa__000964.jpg,1,0,1,1.0,0.0,0.0,0.0,,,0,0,1,0
ds2__exp_3_augmented_v6.2_noK__originali__buono__zuppa__000966.jpg,1,0,1,1.0,0.0,0.0,0.0,,,0,0,1,0
ds2__exp_3_augmented_v6.2_noK__originali__buono__zuppa__000971.jpg,1,0,1,1.0,0.0,0.0,0.0,,,0,0,1,0
ds2__exp_3_augmented_v6.2_noK__originali__buono__zuppa__000973.jpg,1,0,1,1.0,0.0,0.0,0.0,,,0,0,1,0
ds2__exp_3_augmented_v6.2_noK__originali__buono__zuppa__000974.jpg,1,0,1,1.0,0.0,0.0,0.0,,,0,0,1,0
ds2__exp_3_augmented_v6.2_noK__originali__buono__riso_paella__000890.jpg,1,0,1,1.0,0.0,0.0,0.0,,,0,0,1,0
ds2__exp_3_augmented_v6.2_noK__originali__buono__riso_paella__000897.jpg,1,0,1,1.0,0.0,0.0,0.0,,,0,0,1,0
ds2__exp_3_augmented_v6.2_noK__originali__buono__riso_paella__000898.jpg,1,0,1,1.0,0.0,0.0,0.0,,,0,0,1,0
ds2__exp_3_augmented_v6.2_noK__originali__buono__riso_paella__000900.jpg,1,0,1,1.0,0.0,0.0,0.0,,,0,0,1,0
ds2__exp_3_augmented_v6.2_noK__originali__buono__riso_paella__000903.jpg,1,0,1,1.0,0.0,0.0,0.0,,,0,0,1,0
ds2__exp_3_augmented_v6.2_noK__originali__buono__sushi__000926.jpg,1,0,1,1.0,0.0,0.0,0.0,,,0,0,1,0
ds2__exp_3_augmented_v6.2_noK__originali__buono__sushi__000927.jpg,1,0,1,1.0,0.0,0.0,0.0,,,0,0,1,0
ds2__exp_3_augmented_v6.2_noK__originali__buono__sushi__000938.jpg,1,0,1,1.0,0.0,0.0,0.0,,,0,0,1,0
ds2__exp_3_augmented_v6.2_noK__originali__buono__pizza__000807.jpg,1,0,1,1.0,0.0,0.0,0.0,,,0,0,1,0
ds2__exp_3_augmented_v6.2_noK__originali__buono__pizza__000808.jpg,1,0,1,1.0,0.0,0.0,0.0,,,0,0,1,0
ds2__exp_3_augmented_v6.2_noK__originali__buono__riso_paella__000823.jpg,1,0,1,1.0,0.0,0.0,0.0,,,0,0,1,0
ds2__exp_3_augmented_v6.2_noK__originali__buono__riso_paella__000830.jpg,1,0,1,1.0,0.0,0.0,0.0,,,0,0,1,0
ds2__exp_3_augmented_v6.2_noK__originali__buono__riso_paella__000840.jpg,1,0,1,1.0,0.0,0.0,0.0,,,0,0,1,0
ds2__exp_3_augmented_v6.2_noK__originali__buono__riso_paella__000843.jpg,1,0,1,1.0,0.0,0.0,0.0,,,0,0,1,0
ds2__exp_3_augmented_v6.2_noK__originali__buono__riso_paella__000854.jpg,1,0,1,1.0,0.0,0.0,0.0,,,0,0,1,0
ds2__exp_3_augmented_v6.2_noK__originali__buono__riso_paella__000859.jpg,1,0,1,1.0,0.0,0.0,0.0,,,0,0,1,0
ds2__exp_3_augmented_v6.2_noK__originali__buono__pizza__000767.jpg,1,0,1,1.0,0.0,0.0,0.0,,,0,0,1,0
ds2__exp_3_augmented_v6.2_noK__originali__buono__pizza__000777.jpg,1,0,1,1.0,0.0,0.0,0.0,,,0,0,1,0
ds2__exp_3_augmented_v6.2_noK__originali__buono__pizza__000780.jpg,1,0,1,1.0,0.0,0.0,0.0,,,0,0,1,0
ds2__exp_3_augmented_v6.2_noK__originali__buono__pizza__000787.jpg,1,0,1,1.0,0.0,0.0,0.0,,,0,0,1,0
ds2__exp_3_augmented_v6.2_noK__originali__buono__pizza__000788.jpg,1,0,1,1.0,0.0,0.0,0.0,,,0,0,1,0
ds2__exp_3_augmented_v6.2_noK__originali__buono__pizza__000798.jpg,1,0,1,1.0,0.0,0.0,0.0,,,0,0,1,0
ds2__exp_3_augmented_v6.2_noK__originali__buono__pizza__000799.jpg,1,0,1,1.0,0.0,0.0,0.0,,,0,0,1,0
ds2__exp_3_augmented_v6.2_noK__originali__buono__pizza__000802.jpg,1,0,1,1.0,0.0,0.0,0.0,,,0,0,1,0
ds2__exp_3_augmented_v6.2_noK__originali__cattivo__carne__bruciato__001129.jpg,1,0,1,1.0,0.0,0.0,0.0,,,0,0,1,0
ds2__exp_3_augmented_v6.2_noK__originali__cattivo__carne__bruciato__001135.jpg,1,0,1,1.0,0.0,0.0,0.0,,,0,0,1,0
ds2__exp_3_augmented_v6.2_noK__originali__cattivo__carne__bruciato__001137.jpg,1,0,1,1.0,0.0,0.0,0.0,,,0,0,1,0
ds2__exp_3_augmented_v6.2_noK__originali__cattivo__carne__bruciato__001140.jpg,1,0,1,1.0,0.0,0.0,0.0,,,0,0,1,0
ds2__exp_3_augmented_v6.2_noK__originali__cattivo__carne__crudo__001152.jpg,1,0,1,1.0,0.0,0.0,0.0,,,0,0,1,0
ds2__exp_3_augmented_v6.2_noK__originali__cattivo__carne__crudo__001154.jpg,1,0,1,1.0,0.0,0.0,0.0,,,0,0,1,0
ds2__exp_3_augmented_v6.2_noK__originali__cattivo__carne__crudo__001156.jpg,1,0,1,1.0,0.0,0.0,0.0,,,0,0,1,0
ds2__exp_3_augmented_v6.2_noK__originali__cattivo__carne__crudo__001159.jpg,1,0,1,1.0,0.0,0.0,0.0,,,0,0,1,0
ds2__exp_3_augmented_v6.2_noK__originali__cattivo__carne__bruciato__001079.jpg,1,0,1,1.0,0.0,0.0,0.0,,,0,0,1,0
ds2__exp_3_augmented_v6.2_noK__originali__cattivo__carne__bruciato__001081.jpg,1,0,1,1.0,0.0,0.0,0.0,,,0,0,1,0
ds2__exp_3_augmented_v6.2_noK__originali__cattivo__carne__bruciato__001082.jpg,1,0,1,1.0,0.0,0.0,0.0,,,0,0,1,0
ds2__exp_3_augmented_v6.2_noK__originali__cattivo__carne__bruciato__001094.jpg,1,0,1,1.0,0.0,0.0,0.0,,,0,0,1,0
ds2__exp_3_augmented_v6.2_noK__originali__cattivo__carne__bruciato__001104.jpg,1,0,1,1.0,0.0,0.0,0.0,,,0,0,1,0
ds2__exp_3_augmented_v6.2_noK__originali__cattivo__carne__bruciato__001114.jpg,1,0,1,1.0,0.0,0.0,0.0,,,0,0,1,0
ds2__exp_3_augmented_v6.2_noK__originali__cattivo__carne__bruciato__001116.jpg,1,0,1,1.0,0.0,0.0,0.0,,,0,0,1,0
ds2__exp_3_augmented_v6.2_noK__originali__cattivo__carne__bruciato__001117.jpg,1,0,1,1.0,0.0,0.0,0.0,,,0,0,1,0
ds2__exp_3_augmented_v6.2_noK__originali__buono__zuppa__001014.jpg,1,0,1,1.0,0.0,0.0,0.0,,,0,0,1,0
ds2__exp_3_augmented_v6.2_noK__originali__cattivo__altro__altro__001018.jpg,1,0,1,1.0,0.0,0.0,0.0,,,0,0,1,0
ds2__exp_3_augmented_v6.2_noK__originali__cattivo__altro__altro__001019.jpg,1,0,1,1.0,0.0,0.0,0.0,,,0,0,1,0
ds2__exp_3_augmented_v6.2_noK__originali__cattivo__altro__altro__001027.jpg,1,0,1,1.0,0.0,0.0,0.0,,,0,0,1,0
ds2__exp_3_augmented_v6.2_noK__originali__cattivo__altro__altro__001030.jpg,1,0,1,1.0,0.0,0.0,0.0,,,0,0,1,0
ds2__exp_3_augmented_v6.2_noK__originali__cattivo__burger_panino__bruciato__001054.jpg,1,0,1,1.0,0.0,0.0,0.0,,,0,0,1,0
ds2__exp_3_augmented_v6.2_noK__originali__cattivo__carne__bruciato__001056.jpg,1,0,1,1.0,0.0,0.0,0.0,,,0,0,1,0
ds2__exp_3_augmented_v6.2_noK__originali__cattivo__carne__bruciato__001067.jpg,1,0,1,1.0,0.0,0.0,0.0,,,0,0,1,0
ds2__exp_3_augmented_v6.2_noK__originali__buono__zuppa__000979.jpg,1,0,1,1.0,0.0,0.0,0.0,,,0,0,1,0
ds2__exp_3_augmented_v6.2_noK__originali__buono__zuppa__000988.jpg,1,0,1,1.0,0.0,0.0,0.0,,,0,0,1,0
ds2__exp_3_augmented_v6.2_noK__originali__buono__zuppa__000995.jpg,1,0,1,1.0,0.0,0.0,0.0,,,0,0,1,0
ds2__exp_3_augmented_v6.2_noK__originali__buono__zuppa__000999.jpg,1,0,1,1.0,0.0,0.0,0.0,,,0,0,1,0
ds2__exp_3_augmented_v6.2_noK__originali__buono__zuppa__001000.jpg,1,0,1,1.0,0.0,0.0,0.0,,,0,0,1,0
ds2__exp_3_augmented_v6.2_noK__originali__buono__zuppa__001003.jpg,1,0,1,1.0,0.0,0.0,0.0,,,0,0,1,0
ds2__exp_3_augmented_v6.2_noK__originali__buono__zuppa__001005.jpg,1,0,1,1.0,0.0,0.0,0.0,,,0,0,1,0
ds2__exp_3_augmented_v6.2_noK__originali__buono__zuppa__001006.jpg,1,0,1,1.0,0.0,0.0,0.0,,,0,0,1,0
ds2__exp_3_augmented_v6.2_noK__originali__cattivo__patatine__bruciato__001355.jpg,1,0,1,1.0,0.0,0.0,0.0,,,0,0,1,0
ds2__exp_3_augmented_v6.2_noK__originali__cattivo__patatine__bruciato__001357.jpg,1,0,1,1.0,0.0,0.0,0.0,,,0,0,1,0
ds2__exp_3_augmented_v6.2_noK__originali__cattivo__patatine__bruciato__001359.jpg,1,0,1,1.0,0.0,0.0,0.0,,,0,0,1,0
ds2__exp_3_augmented_v6.2_noK__originali__cattivo__patatine__bruciato__001360.jpg,1,0,1,1.0,0.0,0.0,0.0,,,0,0,1,0
ds2__exp_3_augmented_v6.2_noK__originali__cattivo__pizza__bruciato__001387.jpg,1,0,1,1.0,0.0,0.0,0.0,,,0,0,1,0
ds2__exp_3_augmented_v6.2_noK__originali__cattivo__pizza__bruciato__001389.jpg,1,0,1,1.0,0.0,0.0,0.0,,,0,0,1,0
ds2__exp_3_augmented_v6.2_noK__originali__cattivo__pizza__bruciato__001397.jpg,1,0,1,1.0,0.0,0.0,0.0,,,0,0,1,0
ds2__exp_3_augmented_v6.2_noK__originali__cattivo__pizza__bruciato__001401.jpg,1,0,1,1.0,0.0,0.0,0.0,,,0,0,1,0
ds2__exp_3_augmented_v6.2_noK__originali__cattivo__frutta_verdura__marcio__001290.jpg,1,0,1,1.0,0.0,0.0,0.0,,,0,0,1,0
ds2__exp_3_augmented_v6.2_noK__originali__cattivo__frutta_verdura__marcio__001294.jpg,1,0,1,1.0,0.0,0.0,0.0,,,0,0,1,0
ds2__exp_3_augmented_v6.2_noK__originali__cattivo__frutta_verdura__marcio__001297.jpg,1,0,1,1.0,0.0,0.0,0.0,,,0,0,1,0
ds2__exp_3_augmented_v6.2_noK__originali__cattivo__frutta_verdura__marcio__001299.jpg,1,0,1,1.0,0.0,0.0,0.0,,,0,0,1,0
ds2__exp_3_augmented_v6.2_noK__originali__cattivo__frutta_verdura__marcio__001309.jpg,1,0,1,1.0,0.0,0.0,0.0,,,0,0,1,0
ds2__exp_3_augmented_v6.2_noK__originali__cattivo__frutta_verdura__marcio__001325.jpg,1,0,1,1.0,0.0,0.0,0.0,,,0,0,1,0
ds2__exp_3_augmented_v6.2_noK__originali__cattivo__frutta_verdura__marcio__001328.jpg,1,0,1,1.0,0.0,0.0,0.0,,,0,0,1,0
ds2__exp_3_augmented_v6.2_noK__originali__cattivo__frutta_verdura__marcio__001332.jpg,1,0,1,1.0,0.0,0.0,0.0,,,0,0,1,0
ds2__exp_3_augmented_v6.2_noK__originali__cattivo__frutta_verdura__ammuffito__001238.jpg,1,0,1,1.0,0.0,0.0,0.0,,,0,0,1,0
ds2__exp_3_augmented_v6.2_noK__originali__cattivo__frutta_verdura__bruciato__001241.jpg,1,0,1,1.0,0.0,0.0,0.0,,,0,0,1,0
ds2__exp_3_augmented_v6.2_noK__originali__cattivo__frutta_verdura__bruciato__001242.jpg,1,0,1,1.0,0.0,0.0,0.0,,,0,0,1,0
ds2__exp_3_augmented_v6.2_noK__originali__cattivo__frutta_verdura__marcio__001256.jpg,1,0,1,1.0,0.0,0.0,0.0,,,0,0,1,0
ds2__exp_3_augmented_v6.2_noK__originali__cattivo__frutta_verdura__marcio__001257.jpg,1,0,1,1.0,0.0,0.0,0.0,,,0,0,1,0
ds2__exp_3_augmented_v6.2_noK__originali__cattivo__frutta_verdura__marcio__001279.jpg,1,0,1,1.0,0.0,0.0,0.0,,,0,0,1,0
ds2__exp_3_augmented_v6.2_noK__originali__cattivo__frutta_verdura__marcio__001283.jpg,1,0,1,1.0,0.0,0.0,0.0,,,0,0,1,0
ds2__exp_3_augmented_v6.2_noK__originali__cattivo__frutta_verdura__marcio__001288.jpg,1,0,1,1.0,0.0,0.0,0.0,,,0,0,1,0
ds2__exp_3_augmented_v6.2_noK__originali__cattivo__carne__crudo__001166.jpg,1,0,1,1.0,0.0,0.0,0.0,,,0,0,1,0
ds2__exp_3_augmented_v6.2_noK__originali__cattivo__carne__crudo__001173.jpg,1,0,1,1.0,0.0,0.0,0.0,,,0,0,1,0
ds2__exp_3_augmented_v6.2_noK__originali__cattivo__frutta_verdura__altro__001176.jpg,1,0,1,1.0,0.0,0.0,0.0,,,0,0,1,0
ds2__exp_3_augmented_v6.2_noK__originali__cattivo__frutta_verdura__altro__001180.jpg,1,0,1,1.0,0.0,0.0,0.0,,,0,0,1,0
ds2__exp_3_augmented_v6.2_noK__originali__cattivo__frutta_verdura__ammuffito__001201.jpg,1,0,1,1.0,0.0,0.0,0.0,,,0,0,1,0
ds2__exp_3_augmented_v6.2_noK__originali__cattivo__frutta_verdura__ammuffito__001213.jpg,1,0,1,1.0,0.0,0.0,0.0,,,0,0,1,0
ds2__exp_3_augmented_v6.2_noK__originali__cattivo__frutta_verdura__ammuffito__001216.jpg,1,0,1,1.0,0.0,0.0,0.0,,,0,0,1,0
ds2__exp_3_augmented_v6.2_noK__originali__cattivo__frutta_verdura__ammuffito__001228.jpg,1,0,1,1.0,0.0,0.0,0.0,,,0,0,1,0
ds3__platsim_raw_vale_id__originali__buono__carne__000146.jpg,1,0,1,1.0,0.0,0.0,0.0,,,0,0,1,0
ds3__platsim_raw_vale_id__originali__buono__carne__000150.jpg,1,0,1,1.0,0.0,0.0,0.0,,,0,0,1,0
ds3__platsim_raw_vale_id__originali__buono__carne__000152.jpg,1,0,1,1.0,0.0,0.0,0.0,,,0,0,1,0
ds3__platsim_raw_vale_id__originali__buono__carne__000156.jpg,1,0,1,1.0,0.0,0.0,0.0,,,0,0,1,0
ds3__platsim_raw_vale_id__originali__buono__carne__000158.jpg,1,0,1,1.0,0.0,0.0,0.0,,,0,0,1,0
ds3__platsim_raw_vale_id__originali__buono__carne__000159.jpg,1,0,1,1.0,0.0,0.0,0.0,,,0,0,1,0
ds3__platsim_raw_vale_id__originali__buono__carne__000160.jpg,1,0,1,1.0,0.0,0.0,0.0,,,0,0,1,0
ds3__platsim_raw_vale_id__originali__buono__carne__000164.jpg,1,0,1,1.0,0.0,0.0,0.0,,,0,0,1,0
ds3__platsim_raw_vale_id__originali__buono__altro__000086.jpg,1,0,1,1.0,0.0,0.0,0.0,,,0,0,1,0
ds3__platsim_raw_vale_id__originali__buono__altro__000091.jpg,1,0,1,1.0,0.0,0.0,0.0,,,0,0,1,0
ds3__platsim_raw_vale_id__originali__buono__altro__000094.jpg,1,0,1,1.0,0.0,0.0,0.0,,,0,0,1,0
ds3__platsim_raw_vale_id__originali__buono__altro__000095.jpg,1,0,1,1.0,0.0,0.0,0.0,,,0,0,1,0
ds3__platsim_raw_vale_id__originali__buono__burger_panino__000111.jpg,1,0,1,0.0,0.0,0.0,0.0,,,0,1,0,0
ds3__platsim_raw_vale_id__originali__buono__burger_panino__000114.jpg,1,0,1,1.0,0.0,0.0,0.0,,,0,0,1,0
ds3__platsim_raw_vale_id__originali__buono__burger_panino__000115.jpg,1,0,1,1.0,0.0,0.0,0.0,,,0,0,1,0
ds3__platsim_raw_vale_id__originali__buono__carne__000135.jpg,1,0,1,1.0,0.0,0.0,0.0,,,0,0,1,0
ds3__platsim_raw_vale_id__originali__buono__altro__000035.jpg,1,0,1,1.0,0.0,0.0,0.0,,,0,0,1,0
ds3__platsim_raw_vale_id__originali__buono__altro__000040.jpg,1,0,1,0.0,0.0,0.0,0.0,,,0,1,0,0
ds3__platsim_raw_vale_id__originali__buono__altro__000046.jpg,1,0,1,1.0,0.0,0.0,0.0,,,0,0,1,0
ds3__platsim_raw_vale_id__originali__buono__altro__000052.jpg,1,0,1,0.0,0.0,0.0,0.0,,,0,1,0,0
ds3__platsim_raw_vale_id__originali__buono__altro__000054.jpg,1,0,1,1.0,0.0,0.0,0.0,,,0,0,1,0
ds3__platsim_raw_vale_id__originali__buono__altro__000072.jpg,1,0,1,1.0,0.0,0.0,0.0,,,0,0,1,0
ds3__platsim_raw_vale_id__originali__buono__altro__000076.jpg,1,0,1,1.0,0.0,0.0,0.0,,,0,0,1,0
ds3__platsim_raw_vale_id__originali__buono__altro__000079.jpg,1,0,1,0.0,0.0,0.0,0.0,,,0,1,0,0
ds2__exp_3_augmented_v6.2_noK__originali__cattivo__pizza__bruciato__001405.jpg,1,0,1,1.0,0.0,0.0,0.0,,,0,0,1,0
ds2__exp_3_augmented_v6.2_noK__originali__cattivo__pizza__bruciato__001419.jpg,1,0,1,1.0,0.0,0.0,0.0,,,0,0,1,0
ds2__exp_3_augmented_v6.2_noK__originali__cattivo__pizza__bruciato__001423.jpg,1,0,1,1.0,0.0,0.0,0.0,,,0,0,1,0
ds2__exp_3_augmented_v6.2_noK__originali__cattivo__zuppa__bruciato__001425.jpg,1,0,1,1.0,0.0,0.0,0.0,,,0,0,1,0
ds2__exp_3_augmented_v6.2_noK__originali__cattivo__zuppa__bruciato__001427.jpg,1,0,1,1.0,0.0,0.0,0.0,,,0,0,1,0
ds3__platsim_raw_vale_id__originali__buono__altro__000013.jpg,1,0,1,0.0,0.0,0.0,0.0,,,0,1,0,0
ds3__platsim_raw_vale_id__originali__buono__altro__000021.jpg,1,0,1,1.0,0.0,0.0,0.0,,,0,0,1,0
ds3__platsim_raw_vale_id__originali__buono__altro__000028.jpg,1,0,1,1.0,0.0,0.0,0.0,,,0,0,1,0
ds3__platsim_raw_vale_id__originali__buono__pizza__000316.jpg,1,0,1,1.0,0.0,0.0,0.0,,,0,0,1,0
ds3__platsim_raw_vale_id__originali__buono__pizza__000319.jpg,1,0,1,1.0,0.0,0.0,0.0,,,0,0,1,0
ds3__platsim_raw_vale_id__originali__buono__pizza__000322.jpg,1,0,1,1.0,0.0,0.0,0.0,,,0,0,1,0
ds3__platsim_raw_vale_id__originali__buono__riso_paella__000325.jpg,1,0,1,1.0,0.0,0.0,0.0,,,0,0,1,0
ds3__platsim_raw_vale_id__originali__buono__riso_paella__000326.jpg,1,0,1,1.0,0.0,0.0,0.0,,,0,0,1,0
ds3__platsim_raw_vale_id__originali__buono__riso_paella__000342.jpg,1,0,1,0.0,0.0,0.0,0.0,,,0,1,0,0
ds3__platsim_raw_vale_id__originali__buono__riso_paella__000344.jpg,1,0,1,1.0,0.0,0.0,0.0,,,0,0,1,0
ds3__platsim_raw_vale_id__originali__buono__riso_paella__000347.jpg,1,0,1,1.0,0.0,0.0,0.0,,,0,0,1,0
ds3__platsim_raw_vale_id__originali__buono__pasta__000285.jpg,1,0,1,1.0,0.0,0.0,0.0,,,0,0,1,0
ds3__platsim_raw_vale_id__originali__buono__patatine__000291.jpg,1,0,1,1.0,0.0,0.0,0.0,,,0,0,1,0
ds3__platsim_raw_vale_id__originali__buono__pizza__000298.jpg,1,0,1,0.0,0.0,0.0,0.0,,,0,1,0,0
ds3__platsim_raw_vale_id__originali__buono__pizza__000302.jpg,1,0,1,1.0,0.0,0.0,0.0,,,0,0,1,0
ds3__platsim_raw_vale_id__originali__buono__pizza__000305.jpg,1,0,1,1.0,0.0,0.0,0.0,,,0,0,1,0
ds3__platsim_raw_vale_id__originali__buono__pizza__000308.jpg,1,0,1,1.0,0.0,0.0,0.0,,,0,0,1,0
ds3__platsim_raw_vale_id__originali__buono__pizza__000313.jpg,1,0,1,1.0,0.0,0.0,0.0,,,0,0,1,0
ds3__platsim_raw_vale_id__originali__buono__pizza__000315.jpg,1,0,1,1.0,0.0,0.0,0.0,,,0,0,1,0
ds3__platsim_raw_vale_id__originali__buono__pasta__000226.jpg,1,0,1,1.0,0.0,0.0,0.0,,,0,0,1,0
ds3__platsim_raw_vale_id__originali__buono__pasta__000230.jpg,1,0,1,1.0,0.0,0.0,0.0,,,0,0,1,0
ds3__platsim_raw_vale_id__originali__buono__pasta__000235.jpg,1,0,1,1.0,0.0,0.0,0.0,,,0,0,1,0
ds3__platsim_raw_vale_id__originali__buono__pasta__000248.jpg,1,0,1,1.0,0.0,0.0,0.0,,,0,0,1,0
ds3__platsim_raw_vale_id__originali__buono__pasta__000258.jpg,1,0,1,1.0,0.0,0.0,0.0,,,0,0,1,0
ds3__platsim_raw_vale_id__originali__buono__pasta__000261.jpg,1,0,1,1.0,0.0,0.0,0.0,,,0,0,1,0
ds3__platsim_raw_vale_id__originali__buono__pasta__000279.jpg,1,0,1,1.0,0.0,0.0,0.0,,,0,0,1,0
ds3__platsim_raw_vale_id__originali__buono__pasta__000283.jpg,1,0,1,1.0,0.0,0.0,0.0,,,0,0,1,0
ds3__platsim_raw_vale_id__originali__buono__carne__000168.jpg,1,0,1,1.0,0.0,0.0,0.0,,,0,0,1,0
ds3__platsim_raw_vale_id__originali__buono__dessert__000185.jpg,1,0,1,1.0,0.0,0.0,0.0,,,0,0,1,0
ds3__platsim_raw_vale_id__originali__buono__dessert__000186.jpg,1,0,1,1.0,0.0,0.0,0.0,,,0,0,1,0
ds3__platsim_raw_vale_id__originali__buono__dessert__000191.jpg,1,0,1,1.0,0.0,0.0,0.0,,,0,0,1,0
ds3__platsim_raw_vale_id__originali__buono__fritti__000206.jpg,1,0,1,0.0,0.0,0.0,0.0,,,0,1,0,0
ds3__platsim_raw_vale_id__originali__buono__frutta_verdura__000211.jpg,1,0,1,1.0,0.0,0.0,0.0,,,0,0,1,0
ds3__platsim_raw_vale_id__originali__buono__frutta_verdura__000212.jpg,1,0,1,0.0,0.0,0.0,0.0,,,0,1,0,0
ds3__platsim_raw_vale_id__originali__buono__kebab__000219.jpg,1,0,1,1.0,0.0,0.0,0.0,,,0,0,1,0
ds4__platsim_whatsapp_vale_id__originali__buono__fritti__000088.jpg,1,0,1,1.0,0.0,0.0,0.0,,,0,0,1,0
ds4__platsim_whatsapp_vale_id__originali__buono__frutta_verdura__000093.jpg,1,0,1,1.0,0.0,0.0,0.0,,,0,0,1,0
ds4__platsim_whatsapp_vale_id__originali__buono__pasta__000103.jpg,1,0,1,1.0,0.0,0.0,0.0,,,0,0,1,0
ds4__platsim_whatsapp_vale_id__originali__buono__pasta__000104.jpg,1,0,1,1.0,0.0,0.0,0.0,,,0,0,1,0
ds4__platsim_whatsapp_vale_id__originali__buono__pasta__000107.jpg,1,0,1,1.0,0.0,0.0,0.0,,,0,0,1,0
ds4__platsim_whatsapp_vale_id__originali__buono__pasta__000110.jpg,1,0,1,1.0,0.0,0.0,0.0,,,0,0,1,0
ds4__platsim_whatsapp_vale_id__originali__buono__pasta__000112.jpg,1,0,1,1.0,0.0,0.0,0.0,,,0,0,1,0
ds4__platsim_whatsapp_vale_id__originali__buono__patatine__000130.jpg,1,0,1,1.0,0.0,0.0,0.0,,,0,0,1,0
ds4__platsim_whatsapp_vale_id__originali__buono__carne__000043.jpg,1,0,1,1.0,0.0,0.0,0.0,,,0,0,1,0
ds4__platsim_whatsapp_vale_id__originali__buono__carne__000045.jpg,1,0,1,1.0,0.0,0.0,0.0,,,0,0,1,0
ds4__platsim_whatsapp_vale_id__originali__buono__carne__000048.jpg,1,0,1,1.0,0.0,0.0,0.0,,,0,0,1,0
ds4__platsim_whatsapp_vale_id__originali__buono__carne__000056.jpg,1,0,1,1.0,0.0,0.0,0.0,,,0,0,1,0
ds4__platsim_whatsapp_vale_id__originali__buono__carne__000057.jpg,1,0,1,0.0,0.0,0.0,0.0,,,0,1,0,0
ds4__platsim_whatsapp_vale_id__originali__buono__dessert__000078.jpg,1,0,1,1.0,0.0,0.0,0.0,,,0,0,1,0
ds4__platsim_whatsapp_vale_id__originali__buono__dessert__000081.jpg,1,0,1,1.0,0.0,0.0,0.0,,,0,0,1,0
ds4__platsim_whatsapp_vale_id__originali__buono__fritti__000084.jpg,1,0,1,1.0,0.0,0.0,0.0,,,0,0,1,0
ds3__platsim_raw_vale_id__originali__cattivo__pizza__bruciato__000397.jpg,1,0,1,1.0,0.0,0.0,0.0,,,0,0,1,0
ds3__platsim_raw_vale_id__originali__cattivo__pizza__bruciato__000398.jpg,1,0,1,0.0,0.0,0.0,0.0,,,0,1,0,0
ds4__platsim_whatsapp_vale_id__originali__buono__altro__000016.jpg,1,0,1,1.0,0.0,0.0,0.0,,,0,0,1,0
ds4__platsim_whatsapp_vale_id__originali__buono__altro__000026.jpg,1,0,1,1.0,0.0,0.0,0.0,,,0,0,1,0
ds4__platsim_whatsapp_vale_id__originali__buono__burger_panino__000031.jpg,1,0,1,1.0,0.0,0.0,0.0,,,0,0,1,0
ds4__platsim_whatsapp_vale_id__originali__buono__burger_panino__000032.jpg,1,0,1,1.0,0.0,0.0,0.0,,,0,0,1,0
ds4__platsim_whatsapp_vale_id__originali__buono__burger_panino__000036.jpg,1,0,1,1.0,0.0,0.0,0.0,,,0,0,1,0
ds4__platsim_whatsapp_vale_id__originali__buono__burger_panino__000037.jpg,1,0,1,1.0,0.0,0.0,0.0,,,0,0,1,0
ds3__platsim_raw_vale_id__originali__buono__riso_paella__000348.jpg,1,0,1,1.0,0.0,0.0,0.0,,,0,0,1,0
ds3__platsim_raw_vale_id__originali__buono__riso_paella__000350.jpg,1,0,1,1.0,0.0,0.0,0.0,,,0,0,1,0
ds3__platsim_raw_vale_id__originali__buono__sushi__000360.jpg,1,0,1,1.0,0.0,0.0,0.0,,,0,0,1,0
ds3__platsim_raw_vale_id__originali__buono__sushi__000373.jpg,1,0,1,1.0,0.0,0.0,0.0,,,0,0,1,0
ds3__platsim_raw_vale_id__originali__buono__sushi__000374.jpg,1,0,1,1.0,0.0,0.0,0.0,,,0,0,1,0
ds3__platsim_raw_vale_id__originali__buono__zuppa__000380.jpg,1,0,1,1.0,0.0,0.0,0.0,,,0,0,1,0
ds3__platsim_raw_vale_id__originali__cattivo__pasta__bruciato__000393.jpg,1,0,1,1.0,0.0,0.0,0.0,,,0,0,1,0
ds3__platsim_raw_vale_id__originali__cattivo__pasta__bruciato__000394.jpg,1,0,1,1.0,0.0,0.0,0.0,,,0,0,1,0
ds5__raw_vale_id__originali__buono__altro__000079.jpg,1,0,1,0.0,0.0,0.0,0.0,,,0,1,0,0
ds5__raw_vale_id__originali__buono__altro__000088.jpg,1,0,1,1.0,0.0,0.0,0.0,,,0,0,1,0
ds5__raw_vale_id__originali__buono__altro__000104.jpg,1,0,1,1.0,0.0,0.0,0.0,,,0,0,1,0
ds5__raw_vale_id__originali__buono__burger_panino__000108.jpg,1,0,1,1.0,0.0,0.0,0.0,,,0,0,1,0
ds5__raw_vale_id__originali__buono__burger_panino__000119.jpg,1,0,1,1.0,0.0,0.0,0.0,,,0,0,1,0
ds5__raw_vale_id__originali__buono__burger_panino__000129.jpg,1,0,1,1.0,0.0,0.0,0.0,,,0,0,1,0
ds5__raw_vale_id__originali__buono__carne__000134.jpg,1,0,1,0.0,0.0,0.0,0.0,,,0,1,0,0
ds5__raw_vale_id__originali__buono__carne__000138.jpg,1,0,1,1.0,0.0,0.0,0.0,,,0,0,1,0
ds5__raw_vale_id__originali__buono__altro__000040.jpg,1,0,1,0.0,0.0,0.0,0.0,,,0,1,0,0
ds5__raw_vale_id__originali__buono__altro__000043.jpg,1,0,1,1.0,0.0,0.0,0.0,,,0,0,1,0
ds5__raw_vale_id__originali__buono__altro__000045.jpg,1,0,1,1.0,0.0,0.0,0.0,,,0,0,1,0
ds5__raw_vale_id__originali__buono__altro__000060.jpg,1,0,1,1.0,0.0,0.0,0.0,,,0,0,1,0
ds5__raw_vale_id__originali__buono__altro__000068.jpg,1,0,1,1.0,0.0,0.0,0.0,,,0,0,1,0
ds5__raw_vale_id__originali__buono__altro__000071.jpg,1,0,1,1.0,0.0,0.0,0.0,,,0,0,1,0
ds5__raw_vale_id__originali__buono__altro__000074.jpg,1,0,1,1.0,0.0,0.0,0.0,,,0,0,1,0
ds5__raw_vale_id__originali__buono__altro__000075.jpg,1,0,1,1.0,0.0,0.0,0.0,,,0,0,1,0
ds4__platsim_whatsapp_vale_id__originali__buono__riso_paella__000157.jpg,1,0,1,1.0,0.0,0.0,0.0,,,0,0,1,0
ds4__platsim_whatsapp_vale_id__originali__buono__sushi__000167.jpg,1,0,1,1.0,0.0,0.0,0.0,,,0,0,1,0
ds5__raw_vale_id__originali__buono__altro__000000.jpg,1,0,1,1.0,0.0,0.0,0.0,,,0,0,1,0
ds5__raw_vale_id__originali__buono__altro__000012.jpg,1,0,1,1.0,0.0,0.0,0.0,,,0,0,1,0
ds5__raw_vale_id__originali__buono__altro__000018.jpg,1,0,1,1.0,0.0,0.0,0.0,,,0,0,1,0
ds5__raw_vale_id__originali__buono__altro__000032.jpg,1,0,1,1.0,0.0,0.0,0.0,,,0,0,1,0
ds5__raw_vale_id__originali__buono__altro__000034.jpg,1,0,1,1.0,0.0,0.0,0.0,,,0,0,1,0
ds5__raw_vale_id__originali__buono__altro__000036.jpg,1,0,1,1.0,0.0,0.0,0.0,,,0,0,1,0
ds4__platsim_whatsapp_vale_id__originali__buono__pizza__000136.jpg,1,0,1,1.0,0.0,0.0,0.0,,,0,0,1,0
ds4__platsim_whatsapp_vale_id__originali__buono__pizza__000137.jpg,1,0,1,1.0,0.0,0.0,0.0,,,0,0,1,0
ds4__platsim_whatsapp_vale_id__originali__buono__pizza__000141.jpg,1,0,1,0.0,0.0,0.0,0.0,,,0,1,0,0
ds4__platsim_whatsapp_vale_id__originali__buono__pizza__000143.jpg,1,0,1,1.0,0.0,0.0,0.0,,,0,0,1,0
ds4__platsim_whatsapp_vale_id__originali__buono__pizza__000144.jpg,1,0,1,0.0,0.0,0.0,0.0,,,0,1,0,0
ds4__platsim_whatsapp_vale_id__originali__buono__riso_paella__000150.jpg,1,0,1,0.0,0.0,0.0,0.0,,,0,1,0,0
ds4__platsim_whatsapp_vale_id__originali__buono__riso_paella__000151.jpg,1,0,1,1.0,0.0,0.0,0.0,,,0,0,1,0
ds4__platsim_whatsapp_vale_id__originali__buono__riso_paella__000156.jpg,1,0,1,1.0,0.0,0.0,0.0,,,0,0,1,0
ds6__whatsapp_vale_id__originali__buono__patatine__000129.jpeg,1,0,1,1.0,0.0,0.0,0.0,,,0,0,1,0
ds6__whatsapp_vale_id__originali__buono__pizza__000134.jpeg,1,0,1,1.0,0.0,0.0,0.0,,,0,0,1,0
ds6__whatsapp_vale_id__originali__buono__pizza__000139.jpeg,1,0,1,0.0,0.0,0.0,0.0,,,0,1,0,0
ds6__whatsapp_vale_id__originali__buono__riso_paella__000151.jpg,1,0,1,1.0,0.0,0.0,0.0,,,0,0,1,0
ds6__whatsapp_vale_id__originali__buono__riso_paella__000154.jpeg,1,0,1,1.0,0.0,0.0,0.0,,,0,0,1,0
ds6__whatsapp_vale_id__originali__buono__riso_paella__000159.jpg,1,0,1,1.0,0.0,0.0,0.0,,,0,0,1,0
ds6__whatsapp_vale_id__originali__buono__riso_paella__000162.jpeg,1,0,1,1.0,0.0,0.0,0.0,,,0,0,1,0
ds1__platsim_ar_pico_banana_9gb-V__originali__root__000143.jpg,1,0,1,1.0,0.0,0.0,0.0,,,0,0,1,0
ds6__whatsapp_vale_id__originali__buono__fritti__000090.jpeg,1,0,1,1.0,0.0,0.0,0.0,,,0,0,1,0
ds6__whatsapp_vale_id__originali__buono__fritti__000091.jpg,1,0,1,1.0,0.0,0.0,0.0,,,0,0,1,0
ds6__whatsapp_vale_id__originali__buono__frutta_verdura__000093.jpeg,1,0,1,1.0,0.0,0.0,0.0,,,0,0,1,0
ds6__whatsapp_vale_id__originali__buono__pasta__000100.jpeg,1,0,1,0.0,0.0,0.0,0.0,,,0,1,0,0
ds6__whatsapp_vale_id__originali__buono__pasta__000107.jpeg,1,0,1,1.0,0.0,0.0,0.0,,,0,0,1,0
ds6__whatsapp_vale_id__originali__buono__pasta__000112.jpeg,1,0,1,1.0,0.0,0.0,0.0,,,0,0,1,0
ds6__whatsapp_vale_id__originali__buono__pasta__000113.jpeg,1,0,1,1.0,0.0,0.0,0.0,,,0,0,1,0
ds6__whatsapp_vale_id__originali__buono__pasta__000127.jpeg,1,0,1,1.0,0.0,0.0,0.0,,,0,0,1,0
ds6__whatsapp_vale_id__originali__buono__altro__000024.jpeg,1,0,1,1.0,0.0,0.0,0.0,,,0,0,1,0
ds6__whatsapp_vale_id__originali__buono__carne__000042.jpg,1,0,1,1.0,0.0,0.0,0.0,,,0,0,1,0
ds6__whatsapp_vale_id__originali__buono__carne__000046.jpeg,1,0,1,1.0,0.0,0.0,0.0,,,0,0,1,0
ds6__whatsapp_vale_id__originali__buono__carne__000050.jpeg,1,0,1,1.0,0.0,0.0,0.0,,,0,0,1,0
ds6__whatsapp_vale_id__originali__buono__carne__000057.jpeg,1,0,1,0.0,0.0,0.0,0.0,,,0,1,0,0
ds6__whatsapp_vale_id__originali__buono__carne__000060.jpeg,1,0,1,1.0,0.0,0.0,0.0,,,0,0,1,0
ds6__whatsapp_vale_id__originali__buono__dessert__000069.jpeg,1,0,1,1.0,0.0,0.0,0.0,,,0,0,1,0
ds6__whatsapp_vale_id__originali__buono__dessert__000083.jpeg,1,0,1,1.0,0.0,0.0,0.0,,,0,0,1,0
ds5__raw_vale_id__originali__buono__sushi__000374.jpg,1,0,1,1.0,0.0,0.0,0.0,,,0,0,1,0
ds5__raw_vale_id__originali__buono__sushi__000375.jpg,1,0,1,1.0,0.0,0.0,0.0,,,0,0,1,0
ds5__raw_vale_id__originali__cattivo__altro__bruciato__000386.jpg,1,0,1,1.0,0.0,0.0,0.0,,,0,0,1,0
ds5__raw_vale_id__originali__cattivo__pasta__bruciato__000393.jpg,1,0,1,1.0,0.0,0.0,0.0,,,0,0,1,0
ds5__raw_vale_id__originali__cattivo__pasta__bruciato__000394.jpg,1,0,1,1.0,0.0,0.0,0.0,,,0,0,1,0
ds6__whatsapp_vale_id__originali__buono__altro__000007.jpeg,1,0,1,1.0,0.0,0.0,0.0,,,0,0,1,0
ds6__whatsapp_vale_id__originali__buono__altro__000008.jpg,1,0,1,1.0,0.0,0.0,0.0,,,0,0,1,0
ds6__whatsapp_vale_id__originali__buono__altro__000013.jpg,1,0,1,1.0,0.0,0.0,0.0,,,0,0,1,0
ds1__platsim_ar_pico_banana_9gb-V__originali__root__000303.jpg,1,0,1,1.0,0.0,0.0,0.0,,,0,0,1,0
ds1__platsim_ar_pico_banana_9gb-V__originali__root__000323.jpg,1,0,1,0.0,0.0,0.0,0.0,,,0,1,0,0
ds1__platsim_ar_pico_banana_9gb-V__originali__root__000356.jpg,1,0,1,1.0,0.0,0.0,0.0,,,0,0,1,0
ds1__platsim_ar_pico_banana_9gb-V__originali__root__000360.jpg,1,0,1,0.0,0.0,0.0,0.0,,,0,1,0,0
ds1__platsim_ar_pico_banana_9gb-V__originali__root__000361.jpg,1,0,1,0.0,0.0,0.0,0.0,,,0,1,0,0
ds1__platsim_ar_pico_banana_9gb-V__originali__root__000364.jpg,1,0,1,0.0,0.0,0.0,0.0,,,0,1,0,0
ds1__platsim_ar_pico_banana_9gb-V__originali__root__000369.jpg,1,0,1,1.0,0.0,0.0,0.0,,,0,0,1,0
ds1__platsim_ar_pico_banana_9gb-V__originali__root__000372.jpg,1,0,1,0.0,0.0,0.0,0.0,,,0,1,0,0
ds1__platsim_ar_pico_banana_9gb-V__originali__root__000243.jpg,1,0,1,0.0,0.0,0.0,0.0,,,0,1,0,0
ds1__platsim_ar_pico_banana_9gb-V__originali__root__000244.jpg,1,0,1,1.0,0.0,0.0,0.0,,,0,0,1,0
ds1__platsim_ar_pico_banana_9gb-V__originali__root__000250.jpg,1,0,1,1.0,0.0,0.0,0.0,,,0,0,1,0
ds1__platsim_ar_pico_banana_9gb-V__originali__root__000265.jpg,1,0,1,1.0,0.0,0.0,0.0,,,0,0,1,0
ds1__platsim_ar_pico_banana_9gb-V__originali__root__000278.jpg,1,0,1,1.0,0.0,0.0,0.0,,,0,0,1,0
ds1__platsim_ar_pico_banana_9gb-V__originali__root__000285.jpg,1,0,1,1.0,0.0,0.0,0.0,,,0,0,1,0
ds1__platsim_ar_pico_banana_9gb-V__originali__root__000292.jpg,1,0,1,1.0,0.0,0.0,0.0,,,0,0,1,0
ds1__platsim_ar_pico_banana_9gb-V__originali__root__000298.jpg,1,0,1,1.0,0.0,0.0,0.0,,,0,0,1,0
ds1__platsim_ar_pico_banana_9gb-V__originali__root__000188.jpg,1,0,1,0.0,0.0,0.0,0.0,,,0,1,0,0
ds1__platsim_ar_pico_banana_9gb-V__originali__root__000193.jpg,1,0,1,1.0,0.0,0.0,0.0,,,0,0,1,0
ds1__platsim_ar_pico_banana_9gb-V__originali__root__000202.jpg,1,0,1,1.0,0.0,0.0,0.0,,,0,0,1,0
ds1__platsim_ar_pico_banana_9gb-V__originali__root__000214.jpg,1,0,1,1.0,0.0,0.0,0.0,,,0,0,1,0
ds1__platsim_ar_pico_banana_9gb-V__originali__root__000218.jpg,1,0,1,1.0,0.0,0.0,0.0,,,0,0,1,0
ds1__platsim_ar_pico_banana_9gb-V__originali__root__000226.jpg,1,0,1,0.0,0.0,0.0,0.0,,,0,1,0,0
ds1__platsim_ar_pico_banana_9gb-V__originali__root__000232.jpg,1,0,1,1.0,0.0,0.0,0.0,,,0,0,1,0
ds1__platsim_ar_pico_banana_9gb-V__originali__root__000238.jpg,1,0,1,1.0,0.0,0.0,0.0,,,0,0,1,0
ds1__platsim_ar_pico_banana_9gb-V__originali__root__000144.jpg,1,0,1,1.0,0.0,0.0,0.0,,,0,0,1,0
ds1__platsim_ar_pico_banana_9gb-V__originali__root__000145.jpg,1,0,1,1.0,0.0,0.0,0.0,,,0,0,1,0
ds1__platsim_ar_pico_banana_9gb-V__originali__root__000152.jpg,1,0,1,0.0,0.0,0.0,0.0,,,0,1,0,0
ds1__platsim_ar_pico_banana_9gb-V__originali__root__000154.jpg,1,0,1,1.0,0.0,0.0,0.0,,,0,0,1,0
ds1__platsim_ar_pico_banana_9gb-V__originali__root__000159.jpg,1,0,1,0.0,0.0,0.0,0.0,,,0,1,0,0
ds1__platsim_ar_pico_banana_9gb-V__originali__root__000163.jpg,1,0,1,1.0,0.0,0.0,0.0,,,0,0,1,0
ds1__platsim_ar_pico_banana_9gb-V__originali__root__000175.jpg,1,0,1,1.0,0.0,0.0,0.0,,,0,0,1,0
ds1__platsim_ar_pico_banana_9gb-V__originali__root__000177.jpg,1,0,1,1.0,0.0,0.0,0.0,,,0,0,1,0
